sine_200	0	e00808908b00800800500000d00000808610
sine_200	1	e00808908b00800800500000d00000808610
sine_200	2	e00808908b00800800500000d00000808610
sine_200	3	e00808908b00800800500000d00000808610
sine_200	4	e00808908b00800800500000d00000808610
sine_200	5	e00808908b00800800500000d00000808610
sine_200	6	e00808908b00800800500000d00000808610
sine_200	7	e00808908b00800800500000d00000808610
sine_200	8	e00808908b00800800500000d00000808610
sine_200	9	e00808908b00800800500000d00000808610
sine_100	0	b0a49eb899a3ef9c51a742616f0655203d26
sine_100	1	b4959fb8a8efef2c5fb362235b575338fe2a
sine_100	2	b0b49db899a6efcc53a742616f1654207d20
sine_100	3	b4859eb888a6eb2c1fb3226f5b575f207eae
sine_100	4	a09796883fabbf5959b7c66f6f8354a0b122
sine_100	5	b0949cbcc9e2e7bcd3af02e56f7657205ca0
sine_100	6	b4a59cb898aeeb0c1fb322675b575120feae
sine_100	7	b0b49db8a9a6efcc53a742656f1656203d26
sine_100	8	b4859fb898aeeb3c1fb322675b475520feac
sine_100	9	b0949eb899a2efdc51a742636f1656207d26
sine_400	0	e00808908f00c00c00500408d08408010e10
sine_400	1	e00808908f00c00c00500408d08408010e10
sine_400	2	e00808908f00c00c00500408d08408010e10
sine_400	3	e00808908f00c00c00500408d08408010e10
sine_400	4	e00808908f00c00c00500408d08408010e10
sine_400	5	e00808908f00c00c00500408d08408010e10
sine_400	6	e00808908f00c00c00500408d08408010e10
sine_400	7	e00808908f00c00c00500408d08408010e10
sine_400	8	e00808908f00c00c00500408d08408010e10
sine_400	9	e00808908f00c00c00500408d08408010e10
sawtooth_200	0	35d994f955e71ed67f814b279b9b5f5a8e13
sawtooth_200	1	35899ee9b4eb3e547fa1a92d9b9b515a281f
sawtooth_200	2	31f9d7fd45f71ff62c853b34978bde44cf33
sawtooth_200	3	21b995e914a22ed57fb529658f9b5d42af1f
sawtooth_200	4	25f99df9c5ef0e777d91eb298bdb575a4813
sawtooth_200	5	218991ed54a222d5bfbd69a58fbb5d5aee1d
sawtooth_200	6	21f99ae9d4af3e2579958b6faf9a56424913
sawtooth_200	7	31b9d3fd15f23f952eb53b35978add44ad3b
sawtooth_200	8	25a997e904e22ed57fb169208bdb5f5a8e1f
sawtooth_200	9	25d99df9d5ee0e677d91eb2d8b9b545a2813
sawtooth_100	0	e0e18be8f8bfbd6d7bd78b67ef567f03b916
sawtooth_100	1	e0b180e848baaddd7ff72967cf577903bf18
sawtooth_100	2	e08185e828b3aded7df7096dcf4776033f1a
sawtooth_100	3	f0f183e868b6addc7bc70b6fff5675033f16
sawtooth_100	4	e4b180ec58fba1edbffb29e5cb777a039f18
sawtooth_100	5	e0a18bf8a9bbad0c7fe78b67cf167d03bb1a
sawtooth_100	6	e09184e838baaded7df72967cf477f03bf1a
sawtooth_100	7	f0a083f858b3bd9d7be70b6def5774033f14
sawtooth_100	8	f0f185f869b79dee7fc72b6fdf5773037f16
sawtooth_100	9	e09184e828bbaddd7ff70965cf577c03bf1a
sawtooth_150	0	b4a5813875e2fe815ff06f3ddb1e7658ac0f
sawtooth_150	1	a0b5822854a3eee15df42d7fcf1f7540af0f
sawtooth_150	2	b4d5802854e7eed05bc04f39fb4e7658ae01
sawtooth_150	3	a485c62c14b2efc10ef07d6ec31ff55eee2f
sawtooth_150	4	b4f5853875e7dee25dc06f39db5f7658ee03
sawtooth_150	5	a4a5842c14e3e2c19ff80dfdcb3f75408f0d
sawtooth_150	6	b4d5853855e6def25dc06f3fdb0f7658ae03
sawtooth_150	7	a4b5862834e2eec15ff06d39cb5f7558ae0f
sawtooth_150	8	b0c5832844a6eed05bc42f7fff1e7740af01
sawtooth_150	9	a495812844e3eef15df04d3dcb1f7458ee0f
sawtooth_300	0	61c189fcd4feb728c9cd8ec9ffb952400a95
sawtooth_300	1	71c186ec45f697cbc3dd2ec3cf3853408c91
sawtooth_300	2	65f18de9c5bf8b3a1cc08e59db9830446ab7
sawtooth_300	3	75c184e855be9bdb0fd12e4bcb9852400c95
sawtooth_300	4	65a18bf8c4bebb780dc10e49fb995b40ca9d
sawtooth_300	5	75f184e955b79b9b1ed02e53cb983844ecb7
sawtooth_300	6	75c187e845b69bfb01d10e41cb1852408c91
sawtooth_300	7	65e18ce8d5be8b1a0fc1ae4bdb9853404a95
sawtooth_300	8	758183f904b6abf91cd00e51eb993a448cb9
sawtooth_300	9	71818efc84fab749cffdaccbcfb852404a99
ramp_200	0	3808cb30758a68900e6c6acba8568ca13497
ramp_200	1	bcb5cc75ccc72880533d8ed5d8ff6f2caf2c
ramp_200	2	384a8d1427cf78410e44fa82acd686a99617
ramp_200	3	bcb5cc75ccc728805b3d8ed4d87f672caf2c
ramp_200	4	3808cb30f5826890066c6ac3a8568ca13497
ramp_200	5	bcb5cc75ccc728805b3d8ed5d87f672caf2c
ramp_200	6	38498f2425cf78c102447a8abcd786a91413
ramp_200	7	bcb58d71cc8628901a3d1e95d06fec2c2f2c
ramp_200	8	3849cd20258f78c1064ceacbb8c78fa19497
ramp_200	9	bcb5cc75ccc728805b3d0ed4d87f6f2c2f2c
ramp_150	0	34888c39b19929540b612e4ba8526e231c83
ramp_150	1	30898d3c90d725b4d47c1edc9c130a27deab
ramp_150	2	30a8cf39918924049b6d3e9ea412eb251ca3
ramp_150	3	3089ce38a09725b4d4740e9998730e2f9e2b
ramp_150	4	248a8509169d79010f61aa4798966aa3528b
ramp_150	5	30888c3cb1d325e4d06c0ed9ac520f279ca3
ramp_150	6	208a850d16dd7501cf6daac79c966aa3528b
ramp_150	7	30a8ce38919325a4d0641e9ca8320a2fbc23
ramp_150	8	3089ce39b08d24149f7d3e9a9453ef251eab
ramp_150	9	30888f3c91d325f4d06c0eddac120a27dca3
silence	0	706d8e5c739d51169e1ca6931cd2071e5823
silence	1	704d8f5de39751c6871d26831c526e1a9803
silence	2	706dce5953995536c915c68518b2620a5803
silence	3	744d8f58d39559861610665718120b06d8a3
silence	4	706d8e5d43dd5566cd1dc6c51c9262021883
silence	5	706d8c5cf3d15596d21c66d31c520e0698a3
silence	6	706d8f5d639f51068f1da6831cd2671a5803
silence	7	704dcf58f3d551e6941416d018720e1698a3
silence	8	744dce5d73895c161b11b65210d2e61c5823
silence	9	706dcf59e3c75086d71d36d21452ef1cd823
sawtooth_200	0	34d985f855e61ed65f806b359b9b7d58ae13
sawtooth_200	1	30b98ce894ab3e645da4897e9f9b7640091f
sawtooth_200	2	34e987fc55e612d69f882bf59bbb7d40ef11
sawtooth_200	3	24b981e844e32ec55fb069318bdb7f588e1f
sawtooth_200	4	25d989e9d4ee3f257992eb3dab9a755a2833
sawtooth_200	5	358980f925e23f857fb22b359b9a7b5a8c3b
sawtooth_200	6	31b98de994aa3f647da6a97d9f9b7442293f
sawtooth_200	7	31f9c6fd55f71ed62e861b26978bff44cf13
sawtooth_200	8	25a987e914e32fc57fb269318bdb7d5aae3f
sawtooth_200	9	25d98df9c5ef0f777d92eb3d8b9b775a0833
ramp_200	0	2cba4605965279a1056d9a8c9cb661a3529d
ramp_200	1	2c8a4405865679b1056d8a8d9cb660a3529b
ramp_200	2	38890c35801f29b445758e0d9c936323fe1b
ramp_200	3	3caa462584d36510cf6dbb8688976aab529f
ramp_200	4	3c9a0611e7d669d14669a88b8ce764ab101d
ramp_200	5	3c890c3180de29944779be8e9cb3612bfe1b
ramp_200	6	28aa4701969379b105618a0d9c9662ab529f
ramp_200	7	2c9a4405965679a1056d8a8d9cb661a35299
ramp_200	8	3c1a4c25145e69200d6d1b848cb768a35299
ramp_200	9	3caa4615c75269f1046d888d8ca760a3509b
silence	0	746d8f5963df5d064f11260318d26e1ad803
silence	1	706d8f5ce39151f6901c86911c52071e1823
silence	2	706d8e5d739d51168f1d26831cd26e1ad803
silence	3	706d8f5ce39551b6941c86911c52061e5823
silence	4	704dcf5943995556cb15668718b26b0a9803
silence	5	744d8e58c39759961610f6561812020658a3
silence	6	704dce59438d54269d1d56941492ea04d8a3
silence	7	704dcc59f38154d6931df6921452e70458a3
silence	8	706d8f5c639f51069e1c26931cd20e1ed823
silence	9	706dcf59f3d551a6851586c1187266125883
sine_50	0	a095ce5d26cf7c051675df1244d2e3256f3a
sine_50	1	a4848f59079a793509616f4178536423ac90
sine_50	2	a0358b79f0933d9147656a414c476ba3611e
sine_50	3	a4a48e59079b79550b61cf4378536c236c92
sine_50	4	a4b48d59279a79250961af4578536f232c94
sine_50	5	a0958959769f7d054775ef434cd260236f1a
sine_50	6	a0a58d5d86d77525cd7d4fc94ce26f23ce9a
sine_50	7	b0b48c79259b6d144b656e436c526323ad10
sine_50	8	a4a58b59569f79350571ef4148d264236e9a
sine_50	9	a4948d59a79279450b618f4d78d367236c96
sawtooth_50	0	e4048ab9699b39d101b10241f85a6ee2a290
sawtooth_50	1	e49584a92d9a79f40fb1244bc85e65626c9e
sawtooth_50	2	e4b48a994f92791503a10741f84f6e62ec92
sawtooth_50	3	e4a58a997e9a792507b1274bc85e65622e9c
sawtooth_50	4	f4958c891f9a695505b1854bd85f6e62ec9e
sawtooth_50	5	e4848b996f92796503a12741f85f6d62ac92
sawtooth_50	6	f095cd892fdb694547b905cbd87f65626c1c
sawtooth_50	7	e4a48b995f9b790503a12749f84f64626c92
sawtooth_50	8	e4358ab9689339b105a1024bc85b67e2209e
sawtooth_50	9	f49580b94c9e69940fb1264bd85f64622e98
sine_80	0	e59598d8caa6b80d0fb1b771485a4e60beb8
sine_80	1	e1859dd8baa7bcad47b5c77b4c1a4760ff3e
sine_80	2	e5b59bd8caa2b83d0fb1b771485a4e60bebe
sine_80	3	f1959fccfbf6a55ddfbd85e65c6b4f66dc98
sine_80	4	e5a59dd88aa3b82d0fb1b771485a4f60bebe
sine_80	5	e195d9d8eae6b83d4fb987f7487a4c60de3c
sine_80	6	e1859fdc9af6b50ddfbda7e04c7a4f669e9a
sine_80	7	f1b59fc8eba3ac7d4fb5d5735c0b4f60fd3c
sine_80	8	e59598d8caa7b83d0fb1a773485a4e60beba
sine_80	9	e1a5dcd8aae3b81d4fb997f5487a4d60fe38
sawtooth_80	0	20edce79d1df41438fd5efc7c8b76b121883
sawtooth_80	1	24ad8868f0df7d615cd08f11e8d60e1e582b
sawtooth_80	2	20ad816d609161f18dfd4d89ccd7661a9e0f
sawtooth_80	3	20cd8a6dc09d716189ddcf85ec966b1a5803
sawtooth_80	4	208dc36870d161e19cf40dd9c8f70616deaf
sawtooth_80	5	34ad8969e0db7d404fe1ed03d8d76e1a180f
sawtooth_80	6	30cd836d509761f081cd4f8dfc166b1ade03
sawtooth_80	7	308d8b6ce09971709cec8d91dcd70e1e582f
sawtooth_80	8	30ad8f6da09971708dedcd81dcd76e1a180f
sawtooth_80	9	30edc67951d551f28dc54fcdd8b763129e83
sine_100	0	b1949eb9c9a2ef0c5ba5425b6c966d207d02
sine_100	1	a58697892eeebfb957a1e61358426ab8f20a
sine_100	2	b5b49fb999a6eb4c1ba1025d68d66d207c80
sine_100	3	b1859cb998afef3c5fb542535c976720ff0e
sine_100	4	b5b49fb9a9e3efcc51a1621168d664387c02
sine_100	5	b5949fbdc9ebe33c9ba942d368a66720dd00
sine_100	6	b5a59cb998a6eb8c17b1225758d760207e8e
sine_100	7	b1b49cb9b9afef7c5ba542556c966720bd06
sine_100	8	b5859fb998a6eb8c15b1225758d765207e8c
sine_100	9	b5949db999a3eb6c1ba1025d68c66e207c86
sawtooth_100	0	e09192e868a3afdd5ff7096dcf5755013f3a
sawtooth_100	1	e18185e908aaafed7df62977cf577e03bf38
sawtooth_100	2	e49098fce8eaa30c9bfb8be7fb7759019936
sawtooth_100	3	f0d196f869ae9fee5fc72b65df475f01ff36
sawtooth_100	4	f0a190e858a6afdc5fc70b6fff5654013f3c
sawtooth_100	5	e19183e978a3afed7df6297dcf5777033f3a
sawtooth_100	6	f0a191f829abbf8d5ff70b67df565801bd3e
sawtooth_100	7	f0919ce888abbf6c5fe78967df475f01b938
sawtooth_100	8	f1b082f978aabf8d7be62b75ef577d03bf36
sawtooth_100	9	f1e184f969a69fee7dc60b7fdf5772037f36
sine_125	0	a48687890ebfbab927a3a6435bd25da332ba
sine_125	1	b4348fb95db2aa9823a386436b4253a334b4
sine_125	2	a4b685898eb7ba8927a3864d5b5250a372be
sine_125	3	b0a8ccbd9de62f483ae7721a6716dd25fd13
sine_125	4	b0358dbd1cffa688efbf86c95ff352a396b8
sine_125	5	a4b88c998fb23a092be3834f7b4755233cb7
sine_125	6	a4aa84899ab67a8d27e3a64f5b5250a372bf
sine_125	7	a4bbc58ddbe27bfd70f396186353d5a57095
sine_125	8	b0b9cbb5dcfd2aa867f7a24f5f475223febf
sine_125	9	a4ab8689dbb77a9d21f386496b5355a330b3
sawtooth_125	0	a08184a9309badd54fb509478cd36f03af18
sawtooth_125	1	a4d188adc0deb1758b99abc7a8f268038916
sawtooth_125	2	a09182a9709badc54db509458cc36f03af1a
sawtooth_125	3	a08184a90093adc54fb5294f8cd365032f18
sawtooth_125	4	b09080b97093bdb54ba50b4dacd362032f16
sawtooth_125	5	b0e185b971969dd64b852b4f9c9365036f16
sawtooth_125	6	b0d183a9509eada449850b47bcc26e03ef14
sawtooth_125	7	b0b18ea9b09abd444fa5a9459cd36903a91a
sawtooth_125	8	b4c1c7b951df9df60f8d0bc79cf36c03ef94
sawtooth_125	9	a09184a93092adc54fb5294d8cd365032f1a
sine_160	0	e185dd28f1e3b8744db920ffc8b64d61ec38
sine_160	1	e5b59f18b2a7b8250db1b37dc89647616eba
sine_160	2	e4859f1982a6bba515b0a372c8c64e672eb8
sine_160	3	f195dc38a0e2a8244db922fdd8b74d61ee3e
sine_160	4	e486900966aefb011fa0a67ad85247e722b8
sine_160	5	e1b59f1c92e7b4a5c5bdb3f5ccb64e614eba
sine_160	6	f4959c39b0b2aa240db0226fd8974f61ee9e
sine_160	7	e185dd18a2f6b93559b9a3e8c8e645670e1c
sine_160	8	e1959c1c92e2b4a5c5bdb3f7ccb64e614ebe
sine_160	9	f484dd3da1e3ab3458a0323ce096ce67acb0
sawtooth_160	0	a1b5842914a3eff17df60d7fcf1f7542af2c
sawtooth_160	1	b5a4803954e2ff917be26f3deb1f775aee22
sawtooth_160	2	b5f5843975e6dfc27fc26f39db4f745aee22
sawtooth_160	3	a0a5952814a3eff15df70d6fcf1f5740af2c
sawtooth_160	4	b1d5843d55a6d3c2bfce6fbddf3f745a8e22
sawtooth_160	5	a5b5862934e2efe17df26d3bcb5f775aae2e
sawtooth_160	6	b1e5873945a6dfc27fc62f7ddf1f7542ef20
sawtooth_160	7	a595872904e3efd177f24d3fcb8f7e5aee2e
sawtooth_160	8	a5c5c92dd4bffef120d2ff68e35ef55c2802
sawtooth_160	9	a595802974e2efd17ff26d3fcb1f765aee2e
sine_200	0	e00808908b00800800500000d00000808610
sine_200	1	e00808908b00800800500000d00000808610
sine_200	2	e00808908b00800800500000d00000808610
sine_200	3	e00808908b00800800500000d00000808610
sine_200	4	e00808908b00800800500000d00000808610
sine_200	5	e00808908b00800800500000d00000808610
sine_200	6	e00808908b00800800500000d00000808610
sine_200	7	e00808908b00800800500000d00000808610
sine_200	8	e00808908b00800800500000d00000808610
sine_200	9	e00808908b00800800500000d00000808610
sawtooth_200	0	34b98fe884eb3e745da0e9319adb7758881f
sawtooth_200	1	34d985f855e61ed65f806b3d9a9b7d582e13
sawtooth_200	2	21b984e914a32fe57db6097f8e9b7e420f3f
sawtooth_200	3	24e9cff8d5be0357ce98bba482abf546e931
sawtooth_200	4	24b981e844e32ec55fb069398adb7f580e1f
sawtooth_200	5	24d989e8d4ee3e255990eb35aa9a7558a813
sawtooth_200	6	31a983f905a23f957fb62b7d9e9a7e420d3b
sawtooth_200	7	21b9c5ed14f22ee52cb6392d868bfd442f1f
sawtooth_200	8	25f98cf9d5ef0f577f92cb338adb775ac833
sawtooth_200	9	258987e914e32fc57fb2693c8a9b7c5a6e3f
sine_250	0	a00808908f00800800100400900400410600
sine_250	1	a00808908f00800800100400900400410600
sine_250	2	a00808908f00800800100400900400410600
sine_250	3	a00808908f00800800100400900400410600
sine_250	4	a00808908f00800800100400900400410600
sine_250	5	a00808908f00800800100400900400410600
sine_250	6	a00808908f00800800100400900400410600
sine_250	7	a00808908f00800800100400900400410600
sine_250	8	a00808908f00800800100400900400410600
sine_250	9	a00808908f00800800100400900400410600
sawtooth_250	0	20c98c3dc5ad426b8cdd8fad8f9b125c4833
sawtooth_250	1	2189852d24a163f9bdfe0db18fdb7e5ace3f
sawtooth_250	2	20e9ce38d5ef424b9fd4efff8bbb73500893
sawtooth_250	3	2489812954e36ef944f10d258b1b125c8e3f
sawtooth_250	4	21c9882dc4ad7329b9de8fbdaf9a725a4833
sawtooth_250	5	2189832d64a163f9bdfe0db18fdb7f5ace3f
sawtooth_250	6	20b98a3d85aa62088eedefaf8f9a125c4a3b
sawtooth_250	7	2089872c14a362f99dfc0db58f9b7a588e1f
sawtooth_250	8	20c98c3cc5ad426b9ddc8fbd8f9b73584813
sawtooth_250	9	2089852d24a162f984fd0da18f5b165cce3f
sine_320	0	f09dd389fae77a6d7bd8f0c2eb3078651c39
sine_320	1	f58ecea9cdae3b397dee46b1cf3671db113b
sine_320	2	f11dc8a97caa2fb937ea57bfcb6474fb34b9
sine_320	3	e5cd86892bfb4e3e6bd2a32cdb91775d7c17
sine_320	4	fd9e049d8ee03bc877e69533ca5677cbf2bd
sine_320	5	e5aed389efe72ef937cdf7ebef2554e3139f
sine_320	6	f5bed7a88de33eaa3bee87fcfdb759c51591
sine_320	7	e9fe0289efe023c9f3cad7ffef7576f35231
sine_320	8	e52d8cb96deb3ff977e26539db4573fb763b
sine_320	9	f13ecb996ebe2e392fead7a6db7575fd969d
sawtooth_320	0	658180f954a2abd83fe22c73db987a42ccb9
sawtooth_320	1	64c18de9c5ae8a7a0cc18e69db9812440ab5
sawtooth_320	2	65a182d956aebb583fd2af73fb187b42ccbd
sawtooth_320	3	740181d9c6aaba790ce11d60cb191a444cb9
sawtooth_320	4	65f1ccedd5ff8a1a6fc2be2ad398f0446a97
sawtooth_320	5	74c1c5ec45f69bfb4dd01e20c398fb468cb5
sawtooth_320	6	748180d956a0ba690ce18d69cb1912444cb9
sawtooth_320	7	642182d8d6aeba581fd02f73fb187a404c9d
sawtooth_320	8	75f185e845a79bbb2cd30e61cb981946ec97
sawtooth_320	9	65c18ce9d5ae8b5a3fc2ae7bdb9872420ab5
sine_400	0	e00808908f00c00c00500408d08408010e10
sine_400	1	e00808908f00c00c00500408d08408010e10
sine_400	2	e00808908f00c00c00500408d08408010e10
sine_400	3	e00808908f00c00c00500408d08408010e10
sine_400	4	e00808908f00c00c00500408d08408010e10
sine_400	5	e00808908f00c00c00500408d08408010e10
sine_400	6	e00808908f00c00c00500408d08408010e10
sine_400	7	e00808908f00c00c00500408d08408010e10
sine_400	8	e00808908f00c00c00500408d08408010e10
sine_400	9	e00808908f00c00c00500408d08408010e10
sawtooth_400	0	31854870c438764975b78879cf181909da28
sawtooth_400	1	21e54870c42c774869878a69ff99110fda04
sawtooth_400	2	31854870c42877496cb79868cf88100fda08
sawtooth_400	3	31854870c43876497db78879cf981109da28
sawtooth_400	4	21a54a70c42c774864879a68ff09180fda0c
sawtooth_400	5	21c54c60c53c464a7d879a78df8810099a24
sawtooth_400	6	31854870c43876497db78879cf981109da28
sawtooth_400	7	31854870c42877496cb79868cf88100fda08
sawtooth_400	8	21e54870c43c764879878a79ff991109da24
sawtooth_400	9	31854870c428774964b79868cf08180fda08
noise	10	60bd862d73cb18e190f19b18f4e8e77c9c3d
noise	11	086c481d429175c402b9e84b8c586e1af41f
noise	12	641dc00893c738838becf806f40a8b681f91
noise	13	602c870cc20a00604de88a4dec1b0860f80b
noise	14	683c0c01b3972d608dd50801ccf96e729991
noise	15	484e4938715635d392d8781afc4805763933
noise	16	208cca00f29a45a794acdb54983a893e343f
noise	17	5cdc4331d05e39710dd14bcdf498695aba8d
noise	18	706ecd05220828301cf99a18c87a6d643cb3
noise	19	1cdccc35921741868695bb86a088ea32d305
noise	20	644c472061c008438ff05901ccf90c787d07
noise	21	483f8918310f20e148c8eb03c0c88f685f19
noise	22	58cf4428235b19b110e44a95f83a827e5aaf
noise	23	68be0b0de31a218086e9abc3d04b6d4a381d
noise	24	044f0f30904258e64890290d843b8810f61d
noise	25	5cfe4711368e48e711c58f9cfcbde2d4b233
noise	26	088e8239e04160c757b939d2847b662c50bf
noise	27	70ad0315c0021cf394e1dbdecc8ae254f9af
noise	28	4c7e8b08c24020d04edcf84ed42a81507a11
noise	29	643c8b0070cf1c128ff07b8bf8490770dd99
noise	30	4c0e4735215b21408ef9bb82e058e77a1a97
noise	31	705d820552151d334ccd1845d49b6a4a5c85
noise	32	78ddc8388003206341fc5bc6e8aa08783a11
noise	33	207c0a38d0de59079fa0e99f98ab090ef43d
noise	34	44eecb1dd39221f141cd4a8dd83b69423e9f
noise	35	04ef0830e15f51a794bcca13a47b8c2612bf
noise	36	583e8108c21331e198c8585dcc9a8a5edc29
noise	37	78dd411821c70c420be8ba82cc7b8e605a0d
noise	38	64cc8434c30708000fd87b46e08901683d09
noise	39	24edc114e21765061b98e85b9c5a862ed433
noise	40	481fcc31e113097148f14940c8d96e42db1d
noise	41	308dcb08f3857c064f902a83846b87307613
noise	42	740e8534c0c2387189d45844f8190a78de05
noise	43	5cfc0b0802db25501bf4a99fc88b814ed833
noise	44	28ed0d1c434e4c67cc84cacd8c9a0010f71b
noise	45	50efc420031e05d257c8299fe8ba88663837
noise	46	7cac031012c33c3049d0da0cd48802781b97
noise	47	50ef865cb2c738a641a05f48b8d58e69d513

recv channel: Os { code: 11, kind: WouldBlock, message: "Resource temporarily unavailable" }
sawtooth_200	0	34d985f855e61ed65f806b359b9b7d58ae13
sawtooth_200	1	30b98ce894ab3e645da4897e9f9b7640091f
sawtooth_200	2	34e987fc55e612d69f882bf59bbb7d40ef11
sawtooth_200	3	24b981e844e32ec55fb069318bdb7f588e1f
sawtooth_200	4	25d989e9d4ee3f257992eb3dab9a755a2833
sawtooth_200	5	358980f925e23f857fb22b359b9a7b5a8c3b
sawtooth_200	6	31b98de994aa3f647da6a97d9f9b7442293f
sawtooth_200	7	31f9c6fd55f71ed62e861b26978bff44cf13
sawtooth_200	8	25a987e914e32fc57fb269318bdb7d5aae3f
sawtooth_200	9	25d98df9c5ef0f777d92eb3d8b9b775a0833
ramp_200	0	2cba4605965279a1056d9a8c9cb661a3529d
ramp_200	1	2c8a4405865679b1056d8a8d9cb660a3529b
ramp_200	2	38890c35801f29b445758e0d9c936323fe1b
ramp_200	3	3caa462584d36510cf6dbb8688976aab529f
ramp_200	4	3c9a0611e7d669d14669a88b8ce764ab101d
ramp_200	5	3c890c3180de29944779be8e9cb3612bfe1b
ramp_200	6	28aa4701969379b105618a0d9c9662ab529f
ramp_200	7	2c9a4405965679a1056d8a8d9cb661a35299
ramp_200	8	3c1a4c25145e69200d6d1b848cb768a35299
ramp_200	9	3caa4615c75269f1046d888d8ca760a3509b
silence	0	746d8f5963df5d064f11260318d26e1ad803
silence	1	706d8f5ce39151f6901c86911c52071e1823
silence	2	706d8e5d739d51168f1d26831cd26e1ad803
silence	3	706d8f5ce39551b6941c86911c52061e5823
silence	4	704dcf5943995556cb15668718b26b0a9803
silence	5	744d8e58c39759961610f6561812020658a3
silence	6	704dce59438d54269d1d56941492ea04d8a3
silence	7	704dcc59f38154d6931df6921452e70458a3
silence	8	706d8f5c639f51069e1c26931cd20e1ed823
silence	9	706dcf59f3d551a6851586c1187266125883
sine_50	0	a095ce5d26cf7c051675df1244d2e3256f3a
sine_50	1	a4848f59079a793509616f4178536423ac90
sine_50	2	a0358b79f0933d9147656a414c476ba3611e
sine_50	3	a4a48e59079b79550b61cf4378536c236c92
sine_50	4	a4b48d59279a79250961af4578536f232c94
sine_50	5	a0958959769f7d054775ef434cd260236f1a
sine_50	6	a0a58d5d86d77525cd7d4fc94ce26f23ce9a
sine_50	7	b0b48c79259b6d144b656e436c526323ad10
sine_50	8	a4a58b59569f79350571ef4148d264236e9a
sine_50	9	a4948d59a79279450b618f4d78d367236c96
sawtooth_50	0	e4048ab9699b39d101b10241f85a6ee2a290
sawtooth_50	1	e49584a92d9a79f40fb1244bc85e65626c9e
sawtooth_50	2	e4b48a994f92791503a10741f84f6e62ec92
sawtooth_50	3	e4a58a997e9a792507b1274bc85e65622e9c
sawtooth_50	4	f4958c891f9a695505b1854bd85f6e62ec9e
sawtooth_50	5	e4848b996f92796503a12741f85f6d62ac92
sawtooth_50	6	f095cd892fdb694547b905cbd87f65626c1c
sawtooth_50	7	e4a48b995f9b790503a12749f84f64626c92
sawtooth_50	8	e4358ab9689339b105a1024bc85b67e2209e
sawtooth_50	9	f49580b94c9e69940fb1264bd85f64622e98
sine_80	0	e59598d8caa6b80d0fb1b771485a4e60beb8
sine_80	1	e1859dd8baa7bcad47b5c77b4c1a4760ff3e
sine_80	2	e5b59bd8caa2b83d0fb1b771485a4e60bebe
sine_80	3	f1959fccfbf6a55ddfbd85e65c6b4f66dc98
sine_80	4	e5a59dd88aa3b82d0fb1b771485a4f60bebe
sine_80	5	e195d9d8eae6b83d4fb987f7487a4c60de3c
sine_80	6	e1859fdc9af6b50ddfbda7e04c7a4f669e9a
sine_80	7	f1b59fc8eba3ac7d4fb5d5735c0b4f60fd3c
sine_80	8	e59598d8caa7b83d0fb1a773485a4e60beba
sine_80	9	e1a5dcd8aae3b81d4fb997f5487a4d60fe38
sawtooth_80	0	20edce79d1df41438fd5efc7c8b76b121883
sawtooth_80	1	24ad8868f0df7d615cd08f11e8d60e1e582b
sawtooth_80	2	20ad816d609161f18dfd4d89ccd7661a9e0f
sawtooth_80	3	20cd8a6dc09d716189ddcf85ec966b1a5803
sawtooth_80	4	208dc36870d161e19cf40dd9c8f70616deaf
sawtooth_80	5	34ad8969e0db7d404fe1ed03d8d76e1a180f
sawtooth_80	6	30cd836d509761f081cd4f8dfc166b1ade03
sawtooth_80	7	308d8b6ce09971709cec8d91dcd70e1e582f
sawtooth_80	8	30ad8f6da09971708dedcd81dcd76e1a180f
sawtooth_80	9	30edc67951d551f28dc54fcdd8b763129e83
sine_100	0	b1949eb9c9a2ef0c5ba5425b6c966d207d02
sine_100	1	a58697892eeebfb957a1e61358426ab8f20a
sine_100	2	b5b49fb999a6eb4c1ba1025d68d66d207c80
sine_100	3	b1859cb998afef3c5fb542535c976720ff0e
sine_100	4	b5b49fb9a9e3efcc51a1621168d664387c02
sine_100	5	b5949fbdc9ebe33c9ba942d368a66720dd00
sine_100	6	b5a59cb998a6eb8c17b1225758d760207e8e
sine_100	7	b1b49cb9b9afef7c5ba542556c966720bd06
sine_100	8	b5859fb998a6eb8c15b1225758d765207e8c
sine_100	9	b5949db999a3eb6c1ba1025d68c66e207c86
sawtooth_100	0	e09192e868a3afdd5ff7096dcf5755013f3a
sawtooth_100	1	e18185e908aaafed7df62977cf577e03bf38
sawtooth_100	2	e49098fce8eaa30c9bfb8be7fb7759019936
sawtooth_100	3	f0d196f869ae9fee5fc72b65df475f01ff36
sawtooth_100	4	f0a190e858a6afdc5fc70b6fff5654013f3c
sawtooth_100	5	e19183e978a3afed7df6297dcf5777033f3a
sawtooth_100	6	f0a191f829abbf8d5ff70b67df565801bd3e
sawtooth_100	7	f0919ce888abbf6c5fe78967df475f01b938
sawtooth_100	8	f1b082f978aabf8d7be62b75ef577d03bf36
sawtooth_100	9	f1e184f969a69fee7dc60b7fdf5772037f36
sine_125	0	a48687890ebfbab927a3a6435bd25da332ba
sine_125	1	b4348fb95db2aa9823a386436b4253a334b4
sine_125	2	a4b685898eb7ba8927a3864d5b5250a372be
sine_125	3	b0a8ccbd9de62f483ae7721a6716dd25fd13
sine_125	4	b0358dbd1cffa688efbf86c95ff352a396b8
sine_125	5	a4b88c998fb23a092be3834f7b4755233cb7
sine_125	6	a4aa84899ab67a8d27e3a64f5b5250a372bf
sine_125	7	a4bbc58ddbe27bfd70f396186353d5a57095
sine_125	8	b0b9cbb5dcfd2aa867f7a24f5f475223febf
sine_125	9	a4ab8689dbb77a9d21f386496b5355a330b3
sawtooth_125	0	a08184a9309badd54fb509478cd36f03af18
sawtooth_125	1	a4d188adc0deb1758b99abc7a8f268038916
sawtooth_125	2	a09182a9709badc54db509458cc36f03af1a
sawtooth_125	3	a08184a90093adc54fb5294f8cd365032f18
sawtooth_125	4	b09080b97093bdb54ba50b4dacd362032f16
sawtooth_125	5	b0e185b971969dd64b852b4f9c9365036f16
sawtooth_125	6	b0d183a9509eada449850b47bcc26e03ef14
sawtooth_125	7	b0b18ea9b09abd444fa5a9459cd36903a91a
sawtooth_125	8	b4c1c7b951df9df60f8d0bc79cf36c03ef94
sawtooth_125	9	a09184a93092adc54fb5294d8cd365032f1a
sine_160	0	e185dd28f1e3b8744db920ffc8b64d61ec38
sine_160	1	e5b59f18b2a7b8250db1b37dc89647616eba
sine_160	2	e4859f1982a6bba515b0a372c8c64e672eb8
sine_160	3	f195dc38a0e2a8244db922fdd8b74d61ee3e
sine_160	4	e486900966aefb011fa0a67ad85247e722b8
sine_160	5	e1b59f1c92e7b4a5c5bdb3f5ccb64e614eba
sine_160	6	f4959c39b0b2aa240db0226fd8974f61ee9e
sine_160	7	e185dd18a2f6b93559b9a3e8c8e645670e1c
sine_160	8	e1959c1c92e2b4a5c5bdb3f7ccb64e614ebe
sine_160	9	f484dd3da1e3ab3458a0323ce096ce67acb0
sawtooth_160	0	a1b5842914a3eff17df60d7fcf1f7542af2c
sawtooth_160	1	b5a4803954e2ff917be26f3deb1f775aee22
sawtooth_160	2	b5f5843975e6dfc27fc26f39db4f745aee22
sawtooth_160	3	a0a5952814a3eff15df70d6fcf1f5740af2c
sawtooth_160	4	b1d5843d55a6d3c2bfce6fbddf3f745a8e22
sawtooth_160	5	a5b5862934e2efe17df26d3bcb5f775aae2e
sawtooth_160	6	b1e5873945a6dfc27fc62f7ddf1f7542ef20
sawtooth_160	7	a595872904e3efd177f24d3fcb8f7e5aee2e
sawtooth_160	8	a5c5c92dd4bffef120d2ff68e35ef55c2802
sawtooth_160	9	a595802974e2efd17ff26d3fcb1f765aee2e
sine_200	0	e00808908b00800800500000d00000808610
sine_200	1	e00808908b00800800500000d00000808610
sine_200	2	e00808908b00800800500000d00000808610
sine_200	3	e00808908b00800800500000d00000808610
sine_200	4	e00808908b00800800500000d00000808610
sine_200	5	e00808908b00800800500000d00000808610
sine_200	6	e00808908b00800800500000d00000808610
sine_200	7	e00808908b00800800500000d00000808610
sine_200	8	e00808908b00800800500000d00000808610
sine_200	9	e00808908b00800800500000d00000808610
sawtooth_200	0	34d985f855e61ed65f806b3d9a9b7d582e13
sawtooth_200	1	21b984e914a32fe57db6097f8e9b7e420f3f
sawtooth_200	2	24e9cff8d5be0357ce98bba482abf546e931
sawtooth_200	3	24b981e844e32ec55fb069398adb7f580e1f
sawtooth_200	4	24d989e8d4ee3e255990eb35aa9a7558a813
sawtooth_200	5	31a983f905a23f957fb62b7d9e9a7e420d3b
sawtooth_200	6	21b9c5ed14f22ee52cb6392d868bfd442f1f
sawtooth_200	7	25f98cf9d5ef0f577f92cb338adb775ac833
sawtooth_200	8	258987e914e32fc57fb2693c8a9b7c5a6e3f
sawtooth_200	9	24d98cf8e5ef0e675d90ab3d8b9b73584813
sine_250	0	a00808908f00800800100400900400410600
sine_250	1	a00808908f00800800100400900400410600
sine_250	2	a00808908f00800800100400900400410600
sine_250	3	a00808908f00800800100400900400410600
sine_250	4	a00808908f00800800100400900400410600
sine_250	5	a00808908f00800800100400900400410600
sine_250	6	a00808908f00800800100400900400410600
sine_250	7	a00808908f00800800100400900400410600
sine_250	8	a00808908f00800800100400900400410600
sine_250	9	a00808908f00800800100400900400410600
sawtooth_250	0	20e98e3cc5af425b9fdcefbf8f9b72580813
sawtooth_250	1	2189c12844e363e9a4f70de58b3b13568e9f
sawtooth_250	2	24c98828c4ed7e2959d08f3dab9a72584813
sawtooth_250	3	30898b2de4a972788ced9da89fdb165c483f
sawtooth_250	4	31a9c23905f37299eefe7fe6978afb5ccc1b
sawtooth_250	5	31898f2d94ab7378bdee8dbd9f9b725a083f
sawtooth_250	6	30c9c53845e552fa9dc40ff59bbb7a50ee93
sawtooth_250	7	30898d2da4a972788ced8da99fdb175c483f
sawtooth_250	8	30e9863c45a752da97cc6fb79f1b72588e13
sawtooth_250	9	3089892cd4ab72789dec8dbd9f9b7258081f
sine_320	0	eccd158dbbb04f1e2fd4a357db117f537c11
sine_320	1	f59ecca9fdae3b397fee56b1cf6674db113f
sine_320	2	f12dcba97cba2eb92fea67aecbf479fd1499
sine_320	3	f9fd479d3ba84b5f3fded0b9cbb1706b7c3d
sine_320	4	e5ce8189ffe72fa973c2d733ea0577fbf237
sine_320	5	f59e9789bff22f686ff1e532db145ffd3239
sine_320	6	e58ed5a8ddf72ff82ffe96edddb658c357bf
sine_320	7	e99e45adbde03f497ffee4f7cb6579f352b9
sine_320	8	f13d8bad7cbb22a9a7ee57a8cf7472fd541f
sine_320	9	e50e8d892fee3f697fe2c537cb5477fbf43d
sawtooth_320	0	654185c9c7ae8b7a3dd20f71db197b420cb5
sawtooth_320	1	748188f9d4aaba590ef1bc6acb9812444ab9
sawtooth_320	2	75b1c3fd44f7aaf96dd21e20e399f844ec9f
sawtooth_320	3	64c1c4cc57f48b6a4dd09f28d319f3460cb5
sawtooth_320	4	750180d8d6aabb592ee32d63cb191a464c99
sawtooth_320	5	648181f844a2aaf81de00c71db987a40cc99
sawtooth_320	6	64c188f9d4aeba180ac1ae6bfb9913440ab5
sawtooth_320	7	64d187c847af8a7a19d08f71db197840ac93
sawtooth_320	8	656184c8d7ae8b1a2ed32f63db191a464c95
sawtooth_320	9	65a18bf9c4aebb783dc28e79fb9973424abd
sine_400	0	e00808908f00c00c00500408d08408010e10
sine_400	1	e00808908f00c00c00500408d08408010e10
sine_400	2	e00808908f00c00c00500408d08408010e10
sine_400	3	e00808908f00c00c00500408d08408010e10
sine_400	4	e00808908f00c00c00500408d08408010e10
sine_400	5	e00808908f00c00c00500408d08408010e10
sine_400	6	e00808908f00c00c00500408d08408010e10
sine_400	7	e00808908f00c00c00500408d08408010e10
sine_400	8	e00808908f00c00c00500408d08408010e10
sine_400	9	e00808908f00c00c00500408d08408010e10
sawtooth_400	0	31854870c42877496cb79868cf88100fda08
sawtooth_400	1	21e54c60c53c460a7d878a79df981109da24
sawtooth_400	2	21a54a70c42c77486c879a68ff89100fda0c
sawtooth_400	3	21c54c60c53c464a75879a78df0818099a24
sawtooth_400	4	31854870c43876497db78879cf981109da28
sawtooth_400	5	31854870c42877496cb79868cf88100fda08
sawtooth_400	6	21e54870c43c764879878a79ff991109da24
sawtooth_400	7	31854870c42877496cb79868cf88100fda08
sawtooth_400	8	31854870c438764975b79878cf081809da28
sawtooth_400	9	21a54a70c43c76487d878a79ff991109da2c
noise	10	60ad872d73cb18d192f13b1af4e8ef7c1c3f
noise	11	087c491d429175f400b9c8498c486f1af41d
noise	12	741dc12801c5289283ec7907e40b8b681f91
noise	13	603cc709c24a006015e98a1de4abe064f829
noise	14	683c0c01b3972d608dd50801ccf96f729991
noise	15	484e4938715635d392d8781afc4805763933
noise	16	608ec200f19215239cecdb5cc83b807eb83f
noise	17	5cdc4331d04638711cd1cbd4f488695cbaad
noise	18	706ecd052208283014f99a18c8fa65643cb3
noise	19	1cdccc35921741868695bb86a088ea32d305
noise	20	644c472061c008c387f05909cce905787d07
noise	21	483f8918310f20e140c8fb02c05886685f19
noise	22	584e4438a04b083108f4cb8df83b8a78da8f
noise	23	68be0b0de31a218086e9abc3d04b6d4a381d
noise	24	044f0f30904258e64890290d842b8910f61d
noise	25	5cfe4711368e48e711c58f9cfcbde3d4b233
noise	26	088e8239e04160c757b939d2847b662c50bf
noise	27	70bd0315d0021ce394e1dbdfcc8ae254f9ad
noise	28	4c6e8b08d24020c046dce84fd4aa89507a13
noise	29	602c8b0570cf1c92d6f17b52fc796f7cddbb
noise	30	4c0e0730211b2140dff8abd2e858077e1ab7
noise	31	705d820552151d334ccd1845d48b6b4a5c85
noise	32	78ddc8388003206341fc5bc6e8aa09783a11
noise	33	206c0a38c0de59179fa0f99e98ab080ef43f
noise	34	44ee8b19d3c220f110cd5addd02be9443ebf
noise	35	04ff0830f15f51b794bcca12a47b8d2612bd
noise	36	582e8108d21331f190c8585dcc0a835edc2b
noise	37	78cd411821d609c2d3e0aa5bc86b85667aaf
noise	38	60ccc434c346081047d07bc7e02909683d8b
noise	39	24edc114e21765061b98e85a9c5a862ed433
noise	40	480fcc31f11309e140f14949c8d96642db1f
noise	41	348d8a08e3c57c0607982a0384eb8f305693
noise	42	740e8534c0c238f181d4584cf8190278de05
noise	43	5cdd0b1842df15121be4a99ed88b814e9a3b
noise	44	28ed0d1c434e4c67cd84cacd8c9a0010f71b
noise	45	50efc620031e05d253c8299fe8ba88663833
noise	46	7cac031012d33d3059d0ca1dd498037e1bb7
noise	47	5cef0750a24738060ba47f02bcd58669d593
noise	48	b864450887cac8500ff04f06f4de8d500d9c
noise	49	642cca1c031731b091c89b5dc8090a5efeb3
noise	50	a4148cd9565bb93c4e8d0806dcff6f42a88c
noise	51	50df0631918510921fc53894dc8a6b6c1b3f
noise	52	6c2d8d10a3c330408ed86843e8da8e50da97
noise	53	105e862510da69e401998b8d9838683a571d
noise	54	4c8fc334914614b381fcdac5ec2b0960fb1b
noise	55	400f0b1d110834c352cd7816e02ae95cffb7
noise	56	6cec8620609b1db190fc4951f86907465b2b
noise	57	289d0024a1d365771d9c4b9d9c0a0a365631
noise	58	643c0605b3c71c239dc1ca19e4e9ef641db1
noise	59	481eca28604a30b04dec5b00fcfa8458bb95
noise	60	749dcd24918a2c31c1e018c4d01a8c70bb81
noise	61	18ce0038408d68e409a44a08b84987001713
noise	62	689d430c31ca34110ed8ab83c8e98d78fd99
noise	63	705c023451551d7319f8485dc80a836e59b1
noise	64	444fc00820d509521bc42952f4ea0c567a2d
noise	65	6c9f4d3121923d70c0fd8a41f859e7723c93
noise	66	444ec82900dd21330dc9580ce81a6152f991
noise	67	78ddce35b10224e094f90999c8496c7c3839
noise	68	109f4630619d6545db981a9ab04a8d3e76a1
noise	69	6cee870811d4099112ecc899e87905565823
noiseburst	0	706dce58f35755a6941886d11c52060e5823
noiseburst	1	b0b4c0bd8357a5678ef51583249f66523c08
noiseburst	2	3c684650849f498112b47f9e0c8381367439
noiseburst	3	38380d34151a6135d8c00a14508c881f7e39
noiseburst	4	68dd4c78805619459f9c7fd7b8170367972f
noiseburst	5	64bdc50831cd24204cd8c981dcca8e48d899
noiseburst	6	047ec738b10c70f501bc8948b0eb8f19170b
noiseburst	7	64ad4e311099199282d1bac8c87ae77b1a99
noiseburst	8	285ccd28f103506505b45ac8a4db8c11149f
noiseburst	9	f075853448d5a94418f83a9218a70fbe3f22
noiseburst	10	d823494c9181a863898499cf28058b101384
noiseburst	11	e4d04100e0829c250df0be0440980f312898
noiseburst	12	049d8468c11075c1dae06c57ec97080fdaa5
noiseburst	13	60bd810962db39a009e59a08dc796f7abd99
noiseburst	14	089e8c3c910a54b6808cc987bc3a8a11d581
noiseburst	15	ac250120f4d7e1c2dafccc9bf0ee8257ca34
noiseburst	16	440c4425a0902d814ad55a4af4dbef435e1b
noiseburst	17	b086800cad16e51e1e88b2d9e81b84ff6928
noiseburst	18	dc15c6647a0d0cc589f0384254438740f303
noiseburst	19	183a8109e09635e1c8dd9e40744a6dab9005
noiseburst	20	207c4561300840839bfdbe90d8676d2dfabf
noiseburst	21	74acc40883d0358292c8a9d6e038887edbbb
noiseburst	22	08ce8f3db19c49d646ad4b81985be41b738f
noiseburst	23	640d0100668d441646d00c89c84f0cc93299
noiseburst	24	a450010d4d9f5dd78d910c059c69601b5899
noiseburst	25	bc56462d2c95e5ef8da5b284fc8a6cfb0f04
noiseburst	26	d8d0068992dbcd2fc1cddd0a08566f02020e
noiseburst	27	2c484e1d86477c9557eda8d6641de2259b3f
noiseburst	28	10fe826df19059d302c97e82e046e523bc05
noiseburst	29	e475ce0816db9d4653b4eed0a00e8b0e2522
noiseburst	30	683c481dd39229014ec5a987d4aae063fa8d
noiseburst	31	fca4c610f91e154fd8b8db5efc8b0117fa32
noiseburst	32	209d0830839071669dbc4adc9c988817f6b1
noiseburst	33	e00385c49084747fc5cc8ec744b28ff85d83
noiseburst	34	88264d990759b5b48fc9380f4c446e32f308
noiseburst	35	408b832975ce20f1ddb959181c5c656d952b
noiseburst	36	106fc359334544e1d1f14ed9c0e7e7259ebf
noiseburst	37	601dc21c734d3c1306d02983d8eb8748de11
noiseburst	38	6c3d000d23463cf114c15910f069ed5db8a5
noiseburst	39	ec66c818db160d4f5cacea9bfc7b8b37bab6
noiseburst	40	40dc881850de256190e84895e8ab88579c39
noiseburst	41	b8c7422dca09e4711e8d8ad860f667f47120
noiseburst	42	dc86c65db15c8d1300d9860a9c1be863919a
noiseburst	43	3039c03cc48b74550ff8788b4c6c07019b1d
noiseburst	44	102e4f6181d049d30fed7cc6cc97603b3a17
noiseburst	45	20fdce15b21575f4059d1bccbc286a12749d
noiseburst	46	5c4f820df280045392ed999af06b67659e2f
noiseburst	47	647ec604125e19029ad47a1edcbb80677839
noiseburst	48	5c1dcc19224b142398c14952e8c96d6559b9
noiseburst	49	a4158221de1ee92e0fa5b203c89a61f30f0e
noiseburst	50	f861c6912387d81e56d52ed41436660c4024
noiseburst	51	3c08051c80900d339cdc5e1848d8848f13a7
noiseburst	52	00fe856972474c9356e1bf1ae456e62d9bb9
noiseburst	53	c0670754358884d340d88b40f0f38209ae1e
noiseburst	54	7cad883d214a282059fde959c0d9e46d79a5
noiseburst	55	105f8f34b15d61a595989a18b84a8f2f1635
noiseburst	56	7c9cc511a3562da0c5f51bcae4dbed73fa13
noiseburst	57	b063c430d89dd9021ef0b7dbdc6b0db711b8
noiseburst	58	90648269e591fd884085ed4a7c156c024703
noiseburst	59	c003c819624bbc155ef52cdf4c2b661d2aa6
noiseburst	60	78dd4f71215a19d68b8daf0a94d76f5b5797
noiseburst	61	78fc8d0c430a14f305d4b8cdec3a0048be0f
noiseburst	62	046fcb0d111b49774ca58a4d980a6a2a161f
noiseburst	63	643ccf1dd2d13101cfe5f80eec396a7b9a91
noiseburst	64	642ccd18a2d705405ad82b9bcc5a864f58bf
noiseburst	65	bc62403ddaddfda307e1c74ec4da6ea2c49a
noiseburst	66	dc6049910255c1ad0add9d8028046b1ac500
noiseburst	67	3c190d00568e60358cf44a45489d88393b15
noiseburst	68	201cc84933526de341d55dc0fcc46d3bbc95
noiseburst	69	646dc838f19709e250fc1b98fcd9067e9b3b
noiseburst	70	d4e78c2115828406dd953f129cfe661d2522
noiseburst	71	4c3f8a00735a31a094ec8ad9c4da8c5fbfbd
noiseburst	72	442fc939611435708ccdda88e8fa6873391b
noiseburst	73	acd7823d6d43ecdd9cb5d09ee4baeecd8938
noiseburst	74	c0300458521981b010a08bd21cd5031e64af
noiseburst	75	7c690f09e4cd0c3395b1989004de6e755633
noiseburst	76	383c8e60218f44a240c44fc9f8d484297d1f
noiseburst	77	74cc4715f2c53cc0d7dd2ad0d068e77c1a31
noiseburst	78	70ccc73c4014011213f4f99ec81b085fbbaf
noiseburst	79	342cce34e18e4c770090ca81acdb8c21769b
noiseburst	80	7ced8608d0470cb001f0998efcab01693a97
noiseburst	81	e4930d29c44c2c4f19a1a354dcde6dd461ad
noiseburst	82	d873c354b24984504298c90820878708c284
noiseburst	83	28784f04d45275a415ecdbd5481e820f9c3f
noiseburst	84	0c3fcc78509549c093d0eed5e485813f3f39
noiseburst	85	30ec4b1462c548d6cea0b8ca884a0f10351f
noiseburst	86	54ae051140d01592ced9eb06dc1a6053fa8b
noiseburst	87	5cff0a28d1432401cee02b4fd89b8a519e19
noiseburst	88	905385315c5b5df5c7895e84b8c96d2b5898
noiseburst	89	b4c283395592617a01fdc00db47f69a3bb0a
noiseburst	90	d4e4cc418a9819f50bc55a496c40e46a8305
noiseburst	91	086a4125758a5045dbf1795a64de6625583d
noiseburst	92	c4d68e58fb410c7b0adc7e82a8448638379a
noiseburst	93	700d820ce3c538c08bf0eb03c4788e585817
noiseburst	94	404f0e1d939431a001d91b0ce89b626b5f81
noiseburst	95	541fc318530b20810fccab47f03b8c79d91f
noiseburst	96	044f8020a09c6d9793907b528c498e179435
noiseburst	97	eca2c4283885b8868fb0a6cba49a8df87905
noiseburst	98	9c408e40a759d93a53c0e0d0c49b886f6130
noiseburst	99	28ea440891d415b35deccfd54c9b01af712f
noiseburst	100	241cc065e1027cb050eddf19ec756c25b931
noiseburst	101	4cdf073d20990db344dd5b40d468e67a5a81
noiseburst	102	645c8014814834e0c0dc490dfc898169bb81
noiseburst	103	482fc635920334729cf95a96c83b687d3c37
noiseburst	104	d47adf1080fe598154dc8e8da44fe801163a
noiseburst	105	b8670d341ed4ed5d56b823d4cceb86dfe92b
noiseburst	106	dcb08b44e209a4914c98298a3c150020e280
noiseburst	107	1cfa8229f5025c3499c90b1358cf6735f8bd
noiseburst	108	300c8d7970495cd053f1ee1be4e5ec2ddbbd
noiseburst	109	8427c605568ae41312cdcedec04ce4442b20
noiseburst	110	28ed4d20a28358460bb079039c5b06299687
noiseburst	111	68fdca35f1920da384d10b41c8db6453b891
noiseburst	112	448f071180843012dfe19b56c08aeb651ab3
noiseburst	113	e4f30d394a01b87751a1f617ac4a60cdeb2e
noiseburst	114	9c630b41cd494c4d1add8d921472e37cc224
noiseburst	115	6cc9442985132d5243b13b46280c6b5b9497
noiseburst	116	00ae0d5150c9548013ed5cd6d096e01c3f37
noiseburst	117	604cca0c728d24438ad07ac6ec8a8978fa81
noiseburst	118	3c2d8d31e05f49c642a16acba448e70b9713
noiseburst	119	58ff843cb10318e245c8d808d4ea86715a99
noiseburst	120	744d8708320500a285c09ac9c8e88f711997
noiseburst	121	e032c0050a81b046dda12795a4cb6cfc1f26
noiseburst	122	183b045c065a759193a03e970c80893ef029
noiseburst	123	24e8ca38570174f4c1c4d88c74bc82399d8f
noiseburst	124	003f015dc1554d8207f9ef8fc415e833bd1b
noiseburst	125	281d8f193382602454bdca9b8c7be704d42d
noiseburst	126	705dc620111a1d925af47adff4ba8a671fa7
noiseburst	127	84170b3d7412e5f082e9cfc6dccd62733816
noiseburst	128	30ac4b30d0d561865e884897bc1b8817f533
noiseburst	129	b8a70ffd639539ab4df1334abc1f62f2a793
noiseburst	130	88824351cd1c411fcfc9dc8910906652730c
noiseburst	131	3cf88b1db7d07164ccdd19c1407e643bbc85
noiseburst	132	24ad4f64a05f59721ce08f93e8c78c17fbbb
noiseburst	133	0c1d4331a01269860eb1a9038048ed3a7719
noiseburst	134	747d451c329a09505edc7a12e06a8d6f7f29
noiseburst	135	5c3f8f3d208e24b0dbf56998dc6aef4d5abf
noiseburst	136	30cd4b2591815007d29dba5e8008eb151533
noiseburst	137	fcc74ef1d40e78921a812a116083efbca73a
noiseburst	138	d097c9401b4a1c0509ec19044c3383487084
noiseburst	139	3c09ca08b6cb70268ddc19415c5d0e39d91b
noiseburst	140	40ee0351d2131137ccb18f4d9c076273170b
noiseburst	141	404ece1922cc28921bc138def418ea4cdca1
noiseburst	142	389ccf38215f41e79d9c5a52a06b8f2fd6a3
noiseburst	143	70ddc51811cd20c106dc6a87c83a8269991d
noiseburst	144	90e7833016c7d04302f84d81cc9e0a615a92
noiseburst	145	a454c9ec74de2db75dc80b98283389f6dd29
noiseburst	146	94a106493e58511f45fdfc860450e34af112
noiseburst	147	68d80939f68908e3959d0951085e677d16a9
noiseburst	148	309e0e458280749157f9ec51d0c5ee0d583d
noiseburst	149	0c9f091063867804cb90bb03a8db0c307615
noiseburst	150	5c7c060d9386084313cd3aded03868453da1
noiseburst	151	7c3e822550da3110cacd390eecaa63635c1b
noiseburst	152	746c8b0cf2dc3561dcc80b51cc4b8d7fb83f
noiseburst	153	a0c28705ca89f452dced87d4e41befbd97ac
noiseburst	154	c43288957345c04cdcd5ef9a14d5eb3ca22a
noiseburst	155	38090308a685687501f49a0048dd8e219b1b
noiseburst	156	d52288417f8823d49385298688378d672e0b
noiseburst	157	0c1e8a39c09141174f89f804bcbb603a369d
noiseburst	158	70bdc011c0471c139be5eb5fcc3a6254d935
noiseburst	159	10fe8430510978f500a08b85b8188a295591
noiseburst	160	bc10471809882c3388a4e88da8fe0e81e294
noiseburst	161	b071c0211ccdc45fdaf58f9d70d7e9946d23
noiseburst	162	ccd2c18842cffcae0dd0dfc738c48230a282
noiseburst	163	540a022dc40120e154b18b1d281e6a55d4b7
noiseburst	164	0cce0e6871c948130af03e4ecc848b19d80b
noiseburst	165	7cfd410c430e0ce1c4c49848e0fb8478fb15
noiseburst	166	484f0220415339d117d02b97fc190b77db2b
noiseburst	167	78bc4019128b28c3d6f1a997cc086a655939
noiseburst	168	ec40c424624fb0e946d45a02b8cd0a61099a
noiseburst	169	e4178d252d5cbde94fe9930fa03a65b3e790
noiseburst	170	d4b10258d2d3890355a46b520474892657ac
noiseburst	171	68888e3837cd38d107a8780208ce8749d683
noiseburst	172	208c475d818b702018dddddcf0a5e33d9abb
noiseburst	173	3cad4b2c715f79555684aa5bbc6b8f3694b3
noiseburst	174	bcc44215ea1a45dac6e968cb800aec43540e
noiseburst	175	683dcb2dc05f313189d1cb05e80ae053389f
noiseburst	176	205c8d15f3125dd747bdeb428478650bb49d
noiseburst	177	ec228a21831d6d2b47a98584d8bb687b0f1e
noiseburst	178	d0b5065db90b240417c56a1d6c736354d723
noiseburst	179	30380f31654e50a654d918d3784c6c0d7b2f
noiseburst	180	086f4855630e6cb0ddf15d18cc566c3d393f
noiseburst	181	7c0dce2db01625e180edcbc9c4e8ec7a3c1f
noiseburst	182	301cc830810b7c178f84298ab8ea87319681
noiseburst	183	24cc8825f04454e654b5c8508ce86f15763d
noiseburst	184	ac760f183751d9e115e41dd7d08d8e57fb3a
noiseburst	185	b0b28d311acff0e39fe127d7cc0ae9bc2538
noiseburst	186	d0c7c85c1940141543c48acc58920b404508
noiseburst	187	14084231664374779ce18858447f6e05582f
noiseburst	188	6ccd8e59f25309254da10c009847e773978f
noiseburst	189	40df0734d08608108bdc6acfe80989681f1d
noiseburst	190	2caccb2140cf64865fa5fb5294796605772b
noiseburst	191	a4c58304754cdc20cfc06e4cc06f8849c81a
noiseburst	192	38dd8d3d02845896539d2a96b829e13d35b9
noiseburst	193	bca74e206e90f1fe19a8a1d1f09a81f64ba0
noiseburst	194	0458ce5125d2513200b95dc014e1650a371d
noiseburst	195	20398918428600a2c4e8cdcd682a89a93289
noiseburst	196	acc153ecd92afcc801b4481a8c56ea6f440d
noiseburst	197	487e8635331e29e100c119c0e4ca6d62bc89
noiseburst	198	a0c146191f9179e544b5ccc298e8682bc98a
noiseburst	199	40ef0631708418525ed1d9d3cc6bef459e3b
noiseburst	200	b0f590c9577c9dae01a9eb16f82f08654918
noiseburst	201	e0b28130b68124ce47b873cddc8e0ef9821b
noiseburst	202	186b0041e5036430d1850cd91070ee1497b7
noiseburst	203	088b413d658f54d713f9ea576c1f683d3a35
noiseburst	204	f4454e5c66dfad5156c49b5cecf0051ffb24
noiseburst	205	386dc71451da51a75da4d81894f886161635
noiseburst	206	54bec23d704d2841dfcd2ad3ccfb6575bc23
noiseburst	207	cc56080cc95831bd528c2bdbe83b06079c30
noiseburst	208	14bf4035e354515706bd2ac39468ef33d41b
noiseburst	209	a456c4397a1fe94189b9ea4c6c976ce2470e
noiseburst	210	c8c005505a5311575b8424d5cc5d831f5634
noiseburst	211	40fac924f40404e309bc19c81cfe0451b689
noiseburst	212	28bc055166920df404dd8b49cc42e68bb01b
noiseburst	213	0c2e8e3c000e7ca748940b06acba06389797
noiseburst	214	90368c10f545d0e285d40c4cc0ac84510c06
noiseburst	215	4c9f812452961962ddf0da94d41a8a47da3b
noiseburst	216	a094851ca712f1e15ce83f5ffc1f0367dc36
noiseburst	217	a433c025a9c2fcf25ce9d651d46be9ada3a0
noiseburst	218	dc61487d50869092d8b548111826e204142e
noiseburst	219	78c9cd34d4121de19984d9d4343c025f55b9
noiseburst	220	70ed086092c01c870f805f85ac168879b69f
noiseburst	221	5ccf4110f65251b65dd44e99c44d85f653a3
noiseburst	222	a8b44021595b79184ded1b47a8f9656b9082
noiseburst	223	101e4e20a3976d75d8a45ad98c58863f173d
noiseburst	224	bcf18a098f0678475bb14edebc996915bc36
noiseburst	225	fc47042812c500520dfc060de01f86b87b9c
noiseburst	226	84c4c978b512c99a55987c1b40750a36623e
noiseburst	227	38494611049f65968addb886680deb23db13
noiseburst	228	24dd8d4d23cd447099f1de58d0f666355aa9
noiseburst	229	8c30072d6e9f611489a98cc1bc59e51a3990
noiseburst	230	607cce09831c1de301cd0a05e4996873bd81
noiseburst	231	981383080f0e7435c6984cceb81b08013f14
noiseburst	232	20fd0a14431f4da79d80fade8cba8b1757bd
noiseburst	233	a8670f285d9cf1ce95a09217d41b05fe4b33
noiseburst	234	d891445d83cc88029f8598192cd466144222
noiseburst	235	3059c628235e11a254e01c18486a078f12a7
noiseburst	236	70ac0f68b1d52d441790bf5a80778e47743b
noiseburst	237	d8d68714875a91c41aac5f54bc2f8e0686ae
noiseburst	238	703d4c19101c2562c9dd08cde039e26b5b07
noiseburst	239	50dfc420114228014fecfb87d82b0951bf91
noiseburst	240	acd4c81d660dd0125cd56c17e03ce67df8be
noiseburst	241	b0868c306a93fdc319ac0b904c868df6d523
noiseburst	242	c8930a4d70c78c32d981395f30366a1ca224
noiseburst	243	20e8cd28759a75145aec7bd3684d8537b9b3
noiseburst	244	68fd425582d61976cc8d4fc48c87e163d419
noiseburst	245	546e8d303019116311f85858d4f90f569ab7
noiseburst	246	78cd0a0162522d32c9f95b40f8d864737f87
noiseburst	247	f404c5042bda21ac9a8ceaddcc9a810ffaa2
noiseburst	248	4c1f022d50d219220ded5804e4bae8639e1d
noiseburst	249	a0f6cf2c6ccef00e4fb812caecca0ff9c980
noiseburst	250	dcf00158d39591b3d89ca99118a4062ee33e
noiseburst	251	146a8c1507595d6508c1cb044c8de33b9d1f
noiseburst	252	488e4a4df3563d66cc91cc01a466ec63340b
noiseburst	253	646dc93c508c14c282d42a47cc3a0860ba13
noiseburst	254	402fc53021081c320ddc1ac4d83908493907
noiseburst	255	68bd851892133d315dfc3bd0c4ea857fbf3d
noiseburst	256	34cd483060cd44360cac1a84a8288111969d
noiseburst	257	e81207813e8c387e1de527d7e43bedbc9fb8
noiseburst	258	8012c290669a8de6dab81510c84804570333
noiseburst	259	6cb80b20d7c330e1059cc9cd2c2f8161770f
noiseburst	260	688d814992122d37488d0dc584a5e17bf717
noiseburst	261	706c472484c55495c2e4cf07fcbe00e0711b
noiseburst	262	2c8d8b2910d37d26cf95aa479cbb69127493
noiseburst	263	142e0904e11a7dc5d79c795aa0688527b7bf
noiseburst	264	74cdc321200134e015e5d918d44be555b83d
noiseburst	265	840787386e46fc9e06bc3283c82b8ff9cd89
noiseburst	266	1cfb0e68851e49111b94fe1e2403011670b9
noiseburst	267	28790c10251f49f619f0985d480c8317d8b9
noiseburst	268	2c6d8b48c3545133ddd45d14c496092f59af
noiseburst	269	740d4511e35539c0c6cd2a8bec59e57ad885
noiseburst	270	4c2d0215328b088212dd691afc49677d3f2f
noiseburst	271	302fcd3c73d971e751b89bd8bceb0f3fd7b7
noiseburst	272	489ccc00118314c28bc03846fc980a691f19
noiseburst	273	fc3746244985ac84c1f0db0f30d68ba89884
noiseburst	274	ccd3cc4003d585129694681818e40036b02c
noiseburst	275	48cf4f49231b19470a95ae438c576e5ad507
noiseburst	276	284c0668155b1d0657f0ebd7d4b28a97d0ab
noiseburst	277	e4d00c19ae02240154c5eedbc8486c7cb52b
noiseburst	278	103e0234e18e7834498c4b8184fa8c19b605
noiseburst	279	6c6dcb0c37985dd793d43d18c4de86f750bb
noiseburst	280	d002cc247c0820b1ccf42f0ee83a0a514410
noiseburst	281	8c1701f5f65539464ef19a40080364fa7d0f
noiseburst	282	f0100254e29a91329380da9a2497820e92a6
noiseburst	283	24f88f14d180088143e4fec6509a88897091
noiseburst	284	64ed8c6913c92cd45f817c1e98a7635df633
noiseburst	285	48de4428a0c03051cbcc3b0bc4788e60191f
noiseburst	286	18fe4610821645c5d6a02a17b81a022654bf
noiseburst	287	7c8d0324d0d73922d1cc9894d408816f3fb5
noiseburst	288	705dc82c01cd14520af82a47f8aa89615e97
noiseburst	289	b076cf309d80ecee8db09001f49b8cf98b9c
noiseburst	290	dc9544552ac804e5d6cd2a914843644c70ad
noiseburst	291	54abcf09b61719514ba9ba06102d6b53160f
noiseburst	292	6cedca71c08720559a8dac5fa486e365563b
noiseburst	293	b415453c154ef441c7f43fcddc1e8f48cc00
noiseburst	294	28ec0435d3d25126c195484d888b6113948b
noiseburst	295	543ec90de0c528115af1781ad06be7657ebd
noiseburst	296	5c7ec638404204e381d01a4ff89802419d99
noiseburst	297	b403c725699de98347f1360cc80b65bab59f
noiseburst	298	94078f5de790dd5800b54c8f58d46c0ae302
noiseburst	299	18cacb1dc44674a79dc90a95500ce925ff37
real_speech	0	706dce58f35755a6941886d11c52060e5823
real_speech	1	e005cdf4c4cff4c2c4684fccb84283e9ed10
real_speech	2	180a8c11c21229f60c5d4e85bca3613b1e9b
real_speech	3	180bc320c1c634e501484dcdb8120011791f
real_speech	4	3008852485097c238c7c480798b70899b78f
real_speech	5	30d94710809035551f78bfdebc31802f39a1
real_speech	6	b8f40d7c9951c913da5c5e50e473036626bc
real_speech	7	b84d5c218db7d5ee847dee96b81283641f0e
real_speech	8	f43442192a1c31468f398fc4d467e3cbf48b
real_speech	9	e4044c749884b0f74710ec88a0e38d100a1a
real_speech	10	186b8e28a19405c692549f5b98d28f061cbb
real_speech	11	9003910de57a2daa03653955100b0dfde11a
real_speech	12	c8c3c1407c1f0de21800e9d37cee87df0232
real_speech	13	b446c320c156b5e2d664db9f3c730e47dcb0
real_speech	14	380c4d5c311b75d6176caed3306d07b6573f
real_speech	15	340d0d7184562de04479ea851c1be2221f83
real_speech	16	6c8f0d3086875ce30d585fc41c360a501c83
real_speech	17	50fd8c1984d471818f41ef072016e162dd8d
real_speech	18	a886862858440cc6c9646548f0bb8461591f
real_speech	19	40fb8311b351352400155784a80f6bbb9619
real_speech	20	78cf4f14d78748704c640e4d28868b58180b
real_speech	21	406f863d45cc6460d86dccdc0cb768647eaf
real_speech	22	64188f01a65079320815c0c8bc59ec13be91
real_speech	23	64dd8b1c760878610d784f810c7600703f81
real_speech	24	6828cf28111229759d20d5dcb8ae088f34b7
real_speech	25	60bdc208e61775305068de501455877e9ca5
real_speech	26	ac6303a501d8117a4959ab83a80763321594
real_speech	27	28890645eb6fbbbea185f09004e8add62cab
real_speech	28	6deadeb004e875ecbc275a0d88e804f07607
real_speech	29	314e9ac4d2bbaaab91309b1a7c6b0a631915
real_speech	30	412b1a9943bd34f4311ecbcf689b6d220e06
real_speech	31	bc1c473d18a9a565d14e1d9040f2a692e198
real_speech	32	b822c9144c046cc1cf3c9dc5681189915312
real_speech	33	586c032ce58d44314974de8818460f609d8b
real_speech	34	700e833c530c24470b486ac7383188f9750f
real_speech	35	941607096009acf15579f89514f3647c2eac
real_speech	36	5c4dd255db5bbee0feb9829c7c1ec06f640a
real_speech	37	65edcd495ce1d288c988f14696ad20820e8a
real_speech	38	19df11601ebbbecf1bfc5157dcbf8bcbb412
real_speech	39	082bdc45dbe9b1a327af5734f89f4b9a7a99
real_speech	40	390a8529bd3532cc628a4e2b3264e56cdb07
real_speech	41	59cc8f2498f9173e929bc605d83c23e389b4
real_speech	42	190f423de66ba1fa10c70eb16c618e041922
real_speech	43	20fed0216124e23d6dd25a0860e48eb6a59e
real_speech	44	647dd829866a871782bef37b8e48a5d4f299
real_speech	45	70ab8e5d94aefe85578bf02e2497615fb91b
real_speech	46	15ebd47cf1f0b704235eecebe8f54edb0220
real_speech	47	39db045cf2b697e6146f9e89d4d6a4eae728
real_speech	48	440e9351015cfe66f0fd131cf813cb76a000
real_speech	49	f893cd64b656c5b39a18ae54dc49841f71b8
real_speech	50	84728b44de81b0608ab8e6c7b0838319b40e
real_speech	51	0c4dc370c61b5da214f45054ac3d0a4612a3
real_speech	52	ac754669894120f45595825668ffe0ed9b25
real_speech	53	b4024e5c9edc6917dc44aa93143e83974936
real_speech	54	20cf855891144d869340ff961c7e09beb137
real_speech	55	705fc42193cb30a4154d5b542413ead5b3b1
real_speech	56	80f0c35c8d4d704d81cc8d031ca005401592
real_speech	57	7c3c4b38379c21e1d8d8d459a070843fb231
real_speech	58	3c980028f15f416711e8d7980c768e5796bd
real_speech	59	70f283e90cb3aeb7b1a5c204f08e28f02e1b
real_speech	60	65208ccdeba2a6ab9592d9807450c6f04520
real_speech	61	20e21bad5ee0ea8be3a6b2c60c2588fff896
real_speech	62	3500dfe92d2be78d9bfde79b785966f01703
real_speech	63	789d8c60346e03bb71b8070b384b4f53ac1c
real_speech	64	2c4a8821b1e7eb6360b50351285fa686c23e
real_speech	65	65cec72d35e9a6f9119e86c868fc45b8e434
real_speech	66	69d8d814b672ce7e1dfc525980cd0e23c797
real_speech	67	685d4521687243d7c4ab797974e4e4703eac
real_speech	68	2d1e820deb2d7b59afece5f9885c0db91518
real_speech	69	190f5f21b9a14e6b6cf3b7a8a87cadb1b7b7
real_speech	70	246bc654dbb3b70093a6d7aef03c18bcea82
real_speech	71	64a8d46c69f3f864a8e2b779aceda7f1c184
real_speech	72	7c6a5c403b2fff248cd157e2b8dd37f3e504
real_speech	73	58ca5c748926ea966ec194dfa6bc8bf0c716
real_speech	74	69ba04580a7cfa24fcf3473f8f8d00f940a2
real_speech	75	7d2a4310faf4e062ddaab278e8d06ee78b22
real_speech	76	21f98e30ceaae6a000f3c6d6a004aa35c881
real_speech	77	3088c3785e6be78a3a9076810cdfcd73f19a
real_speech	78	51af135c7c6e6d0cabf166c2a6d7676a18b5
real_speech	79	152f947de9bdc6d544e173c3085eee27e83c
real_speech	80	9ca38d45a699fd8586d19701205d6e1a011e
real_speech	81	f4b18cf08094215b90f4379528fe8c278a28
real_speech	82	6838cc3df41a79664cbdb0c85cc16ea31189
real_speech	83	b0168070799655f615209bd1e01a87b742ae
real_speech	84	94c4cbd805ca4ce30eec01c84cbd0701a992
real_speech	85	605f8f79ebb46676f1610f4de093a9f8f905
real_speech	86	71d8d8717c3f3a48c78543035ce56dee5dad
real_speech	87	6909524dc8a5f25ba7fbe1a054c8ad90342a
real_speech	88	691cc334cc77ff2dc9fd3505ef8058b0a485
real_speech	89	507ac274f9a1fab584e687fab5fc9ef21422
real_speech	90	688c5c516e7784037e9b7ea03cf75c1c2caf
real_speech	91	6dee045d3a69f1150695bbf836c3f68e2291
real_speech	92	7cde026529ecf3a42c816a983460a6bfb321
real_speech	93	68ad53452a6fffd747aadbb32bc026a4511c
real_speech	94	7c7ac6798f249f8efef765d95f5e440dbf0f
real_speech	95	316987414ca2f49aeb81d7872ccdcd44959d
real_speech	96	1d188c58bf769d3fe5905dca50d02abf3391
real_speech	97	8ca50a5cbb8258524eb408ca0ce28c299f19
real_speech	98	744bc044805e4dd217e4abd6642600eeb42b
real_speech	99	e096050dcc0d6004dbbd0add38996ef4b3a9
real_speech	100	418a1e90d0a42ebc3db23f7448174edd971f
real_speech	101	402ad0c8d2eaf11423bc32a0bbcbcf8d3d1a
real_speech	102	057a80e9c0a7afe135eaf1fde2396ff3b73e
real_speech	103	613fd5bd162acaef69b3f1e0f847acd02aaa
real_speech	104	749b82e9e6fca2dfb1a5e38d60592459b700
real_speech	105	78aa93a9c12dee9c6feef0cb14f18ffe551b
real_speech	106	34199fe024baff1babe3804a2c4ae9147c12
real_speech	107	683dd899d5e4effdd5840030c4754ddefb28
real_speech	108	693c10848b2261977d9be548b0e006e0058a
real_speech	109	752d8bfdfef23f0906e6525e3cccc92f2699
real_speech	110	191b51957fa5a3b650c98211044ee478e596
real_speech	111	116ad4841a3c5ed65db850960c73811b2f9b
real_speech	112	3559dde85c354237dc7c9b12fc3f85cab41c
real_speech	113	e823df152707e7576f4958c7a4044e281930
real_speech	114	9973de55a765bb851f657dd8984a6e70be1e
real_speech	115	a810c675a6df89fbc251e906487e662b4e1a
real_speech	116	64ff05648cbfaa08ae284a55281b41d575ae
real_speech	117	2d2f90a091ff6e3712a4f4d94c9c049abf0d
real_speech	118	254e9fb0e57182d4daf816db4c4389e3400a
real_speech	119	61b84ee981676edd46e841077aa6a513bc91
real_speech	120	6588929d85a02f1e1a95129118ff6589bb16
real_speech	121	2d58cc9cc6fc64a994ca82b54c8c7df7f4b9
real_speech	122	387a1f8d47ec5f1a5ec8b33140fec4c7d5b3
real_speech	123	38fb03a8f4656e6a49d2f1f064cf88d330b1
real_speech	124	2dc99cb965257bd957e1a1dc5cad60f1d603
real_speech	125	693c84f1f061b6c197f295cf6c284a318cb2
real_speech	126	212a9ba155bc79d817d6903277efccc13091
real_speech	127	25198eadc4fe6cba80ffe0207cde06d33309
real_speech	128	693f9a84243eb2701b0cef93b8d705e3b113
real_speech	129	61dc48609b71fe5c62395df014cdec4bac0b
real_speech	130	7d9e5cc0de267307c25c3d08506e812c1fa2
real_speech	131	7109caf1c1bdbb8603326ad42c9f4ed65195
real_speech	132	6979d5b1185a51ed3955afcc3c93246defaf
real_speech	133	44bec734b4427cd14a7c7ec228e58d407891
real_speech	134	748d402d919821e58561080d1012eefa9391
real_speech	135	8c2003cc5207785c4a806541608d8e61d410
real_speech	136	b8244b45095db1d347fd37426c666b331d0e
real_speech	137	50bb4c18a7154996d2b8f31a745285bf3327
real_speech	138	2c69c419493faee8f6e544cf7c3723e8f11a
real_speech	139	4c9e89e88024fb862bca8ec63235a4f8eca2
real_speech	140	640c92e466b2a54046d2980f2682805b5485
real_speech	141	25ba80ec66f3c1e630f23780cacfdb5d9cb2
real_speech	142	680e19a4d5635a48bfe7f595c49ffd12feaf
real_speech	143	2c2a0d10df2efdb08ef7140e9087d3271e2d
real_speech	144	c8378a310cc8e4d751650e13ec286bad0caa
real_speech	145	e4040441f2cbe8d091555fd6143fe82c6e24
real_speech	146	7cdf8c25d5c668c052793f1230e6e57db835
real_speech	147	ac040a05d24e8c631c614bd71c42ec65ec3c
real_speech	148	5cff8539c7854c829a7d3c940497685dd9ad
real_speech	149	bc810b4cdfd4f532df186e940c4783664f34
real_speech	150	d4144d55ab8db0f698010cdf9ca2ef042f2f
real_speech	151	c8d748ccdbc5788b8064eb07fcf70bd1421e
real_speech	152	786f8a69264b64a55c01ea596c6a677dd13d
real_speech	153	304b8b1933882445db716f5ba050e43cdd33
real_speech	154	a83502559edd3d9d40398bcd0cfaef7b3f0e
real_speech	155	34ff837920466445da61fd9a38dfe5adb52d
real_speech	156	e841045daacd70b6563d3ede749be1745bb6
real_speech	157	348c456c95c53ce0087cc945208a8310fb9f
real_speech	158	3cacc454030240f740444fcd2c3e88a09003
real_speech	159	24fdc87c95c8287308688a0d3c3b0009be09
real_speech	160	2cbd4e6c04073cd1475cab0f20ba0201d881
real_speech	161	645ecc15820c0066dd4159941813e8cdb6bd
real_speech	162	68fd450c274368c00b48ffc2207686601c95
real_speech	163	50afcb29544974809f693ede1c86636c1c27
real_speech	164	64aa893450ca34b6c108078d802f8881b093
real_speech	165	7c19c908154e6031c92043c5ac9b88193891
real_speech	166	605dc925c18f28e4115dda9c24036bec93a9
real_speech	167	7c3f4e14970b7070c970dd4438078151599b
real_speech	168	782c0c2084967d21dd5c0e1d0026877ebf21
real_speech	169	608fcd1ca68564b345400f8130d686685f83
real_speech	170	60b98128455f69315938d2989c59841f783f
real_speech	171	b4558a41da5089e7046526c4bc7eec932296
real_speech	172	647fc604f70c74118f703e022cc70d707991
real_speech	173	ad054275e0432b229b4589c75c1787be0303
real_speech	174	707d042c80d125655c684b5508300af6d521
real_speech	175	b8604524a89525f5d63838dc6c670636e9aa
real_speech	176	b4b54069cc13e9c1006d83ce88d861334c96
real_speech	177	78ef4500e79b79401f402c1b1cd60e6e98a7
real_speech	178	48ae0828c1072095066c7ace38038be8119b
real_speech	179	b8d04151ed00c0501f196cdd2c476844283e
real_speech	180	6cecc514829b3de55864d894242182fe132f
real_speech	181	742c422474dd7d111f5c5e960c16896f7f23
real_speech	182	78bc821c73c924c446786b8928f30ce9d205
real_speech	183	742c482824986962dc789d1c1806096fdcab
real_speech	184	746ece2971dd3d144645aacb30d0e7ea5313
real_speech	185	7c8c4931e5ce70d0d6496c53087766655b21
real_speech	186	705f8021609e153648498ac13c6264da7019
real_speech	187	48fc067da1db2df10121dc084c4c67ebd90d
real_speech	188	998340c5d1a1b8e82f6d9a4bf4414fd48886
real_speech	189	f421cdccb6059c6a0e241cc1ad1580304f0e
real_speech	190	f0878731ca8e24745f192fdffca56afc8226
real_speech	191	a80448508f1c3d2d9c24eb5a38fb8e6f7da5
real_speech	192	28a810e9b8d2307dda48b8da0e0d2310cc12
real_speech	193	30ac804436943512de4caadf34aa813e7db7
real_speech	194	6cdc0e04475679505b70be572894097fff25
real_speech	195	48feca15e5c250321d4d1e100867657dbea1
real_speech	196	344d8f5da6c71c82d255b9120048e71c5fab
real_speech	197	4c9f4405b41255520769af821c47e7537d1f
real_speech	198	60df8f2de64e70c097592ed33446e574beb1
real_speech	199	a4b20f05ba5f3dd54725dac85486e53a4b86
real_speech	200	4cee8038235f2d76194058991c630fee50a7
real_speech	201	704cc900705c29641854db9824408dfe3133
real_speech	202	780c4b29e30e3cc75a65fada28f3e4e4f227
real_speech	203	9cd745090ac71087d0496799d42a6c7d09be
real_speech	204	6cafc52c551c7d5197606f9f28b6837e5fa5
real_speech	205	68884a24f49779e19404c0198449860f1d2b
real_speech	206	60dc0f01d64240635d697fdc1886696c7d2f
real_speech	207	500acf0c170960408e0ca1c7888b82219e1f
real_speech	208	78be8a0457da5de35564cf1f38240176ff2f
real_speech	209	b03183298edaf56b0771decd98de632b319c
real_speech	210	a84346dc03869cda887cdb4fc01380c10a1b
real_speech	211	f8158b71a980040ed46dbd9e78ee6595a8bf
real_speech	212	68de812180173da6857d4a4d2492eaf3d091
real_speech	213	b0a54861f2c4b0345939bf976c3fef749534
real_speech	214	380d4369d21249478a6dad070c3fe2a23089
real_speech	215	3cbf815c275331729c50985230788c3e7f21
real_speech	216	c0910048590ff8de8a641ec9a01787e03c91
real_speech	217	ecd28604194ad41a4d08bb49f80984c1631c
real_speech	218	303a0d355eecbb1f26658b56cc16a937b53f
real_speech	219	746e59d0b32f3634f5abf2985c6060ca8d32
real_speech	220	709d11a867b3781769f271370018a378ae8b
real_speech	221	29b8c0bde0633f60aad4d1f69cae8a00ce88
real_speech	222	34fc886cbca2b91cdefd5242fe5c24cc0596
real_speech	223	683fdc7478b729395ff8a38bbd507cd13634
real_speech	224	74391c6cd3b18b7fe9a33284d895e9a4f79d
real_speech	225	24a891091221ff0e4b966477f209a2d4c68e
real_speech	226	3409d468c4f72bb921a7d34c84086ab4740b
real_speech	227	081a136025aa33481babe0abab48c498e43d
real_speech	228	30a9d040d6352fe8f99d128fb7ab099e803f
real_speech	229	083a8065e4f327d9d7a1e133a74997aba70c
real_speech	230	396e4d4cd4b6e274bdab54b5b7268090602b
real_speech	231	3d8e597948232263ed1fbfed9c33a191b73e
real_speech	232	5d9fc024d2af987eb52cc857d09da179f1a8
real_speech	233	695b9f14d2772e33958057dc78b60a2adf01
real_speech	234	39d081f0b9b6fe5d7feb68b33761918878a0
real_speech	235	7082d4ed79a9b398828aba7277d0beec9306
real_speech	236	756ec548332a73036f97a663ce5807b79180
real_speech	237	6c0e544892aff246b6e3e35feca3637296a3
real_speech	238	3129db4c47b9b2d09bf8e35344f48e0b910b
real_speech	239	65319690cafbfa49dff027174cb2882bee8b
real_speech	240	24e286885b62b71d77a875c608804b73049d
real_speech	241	3d1f1524ad3722d092fc77907cfe8c6ad814
real_speech	242	843343488558e5d5d6f8469d24ad87166632
real_speech	243	f896c1819383dc3394ad2711702c692c76ac
real_speech	244	742bc56deeea1bc66f91241080e2a5a61ca9
real_speech	245	2c2e1238c9be5fca7ef1b500aefd8f86b0a2
real_speech	246	7c7edc74da251aaaacf9a2d48e808ad19093
real_speech	247	31aedf189cfa208da6f7a1dda8b903165aae
real_speech	248	0ce919307feb310dea8c3fa033e6d5541e06
real_speech	249	3dfe076dedfa1a18aab6f761c7d47f3de589
real_speech	250	652985098e76761f636affecab9c6bb4988e
real_speech	251	714edd20c9a97f9ec1289f0e780b0b953532
real_speech	252	4d1c1e1ddebd62490eb1b284dc0b6166b024
real_speech	253	24bb4639983e267c78912304403ea128941e
real_speech	254	30e8cf61e8b212c977e507883c72ae39e88d
real_speech	255	3dd89430ffb72e39da146c53e4dc84ebe39d
real_speech	256	29b89c71c83fba7d8ab521ce2c08eee6fd3b
real_speech	257	689c19a461e92e91f5e3c59f3c1e63c2c4a5
real_speech	258	281b9e9c042c53bbc4cdb221585f24cbb28a
real_speech	259	70ed4efc76ebd6d644de02be71ad99a3e435
real_speech	260	2d2897f5b3b9a79c76ef563c10bd27af838e
real_speech	261	600cd0f4fdb57ffaa17fdb4f8c0bea640f84
real_speech	262	609c53880f7cf99417782e8c2ca86de9c7a6
real_speech	263	281d0b08cb6487def2144bc718314a0b4c9d
real_speech	264	698ed9eda069775a5739aed12c42e3f19019
real_speech	265	d4600890910c14514da49604a4670060918c
real_speech	266	68f846ad17f63aa3fdbdd40ae0e8add8288f
real_speech	267	797dc6d8c334de8563d96f3c2c0764caec07
real_speech	268	546cc2d181bdde16e2ef3f891ad6ccea7da7
real_speech	269	158eded5d0acb6f1e7afffac5cb7bd915026
real_speech	270	094ed7c9b134b751e18d5f3662b7db958428
real_speech	271	580bd0a5736b32ede29abfc548b61be6e492
real_speech	272	288bdfa5336d36a263fa100ba18f810ebe98
real_speech	273	69aa4c95863e7f7dc912cb17bcbb4cde3305
real_speech	274	5c7f899156749e43fb314e02bc472bc1d109
real_speech	275	3cca84b8016bd7cabb247b86e086ccf27284
real_speech	276	2079dbdc8c82539b78785d180849afbca210
real_speech	277	001e846c461f2dd31f54ba9a14ea873e5cb5
real_speech	278	3438906459fdefb1683fef847c1968fc6684
real_speech	279	79ea03392c81e7679c190f825c53050f0e96
real_speech	280	40de4355945675f6053138cc6c996a7bd711
real_speech	281	2cd84c693b75ee61bd315fcb406aace92014
real_speech	282	2dbed6a803a7730688ac278948dc8a9c8abc
real_speech	283	789e0fe990751a99bf99d40aa0e4b290480b
real_speech	284	618edbfcb0a09aa2b9f60639789bc00dee8a
real_speech	285	694f1fd9273fe3357de7b1fe640f2a87870f
real_speech	286	647e99e066b9dbf7e6f3e1c5580c7bacb108
real_speech	287	35cd968906baa0b6b0f697477430edfb7694
real_speech	288	64f9ccf501aabb2928297d11d449a0b7873e
real_speech	289	347885ac47a7bbff70242e01ec03ce739a02
real_speech	290	783c88744c78b67824048bd31409cef43521
real_speech	291	a5aa14698df7b6dc4a51fc8d301feed6a1a4
real_speech	292	94564890b64220eb81383ac74c110f10ed82
real_speech	293	398e97a97dc54455e7fdf191d0b7a40a2183
real_speech	294	08f91cc886a38e4ff6cf18dc6c76e2e3fdbd
real_speech	295	19c8d1fd1aae285504e2bf632e41c7e68033
real_speech	296	341c8fc5d8bf22f4b59963c5a0bcb4b96015
real_speech	297	546f01ac4bac6b9577b8d5c3a8d35efb020e
real_speech	298	711d9d8598f77ae483a146c5a9d2ffe6a2a3
real_speech	299	3868de841268cbd9401d88edd4e6a8fbd099
real_speech	300	28bf44e0c0fbb27b2c0c699e74abcd4d6eb3
real_speech	301	b8d08d6d351a853b8d6d1b814c6ee0124f88
real_speech	302	643d0135e4917d0202696f8530a6e47b7d91
real_speech	303	84a60a15e407ec88d57d7b54c0d3e68427af
real_speech	304	2c0a4265ca7be62c7821fb4cb40caab8f400
real_speech	305	4d88d3b14531272f7083013f0c3fbc8faf93
real_speech	306	4cb9d6b585a48b2646ce833ceeb2b72dfe99
real_speech	307	50ca8bacd4b6ae9533f20312eb62b617bd93
real_speech	308	409b008c00fceae1fef655dbfe67bb9f509f
real_speech	309	21d884cd26eef794e2fca5fcfcbe1960388a
real_speech	310	68dd41cce3f536d8f6aa25d08677bbae8a8f
real_speech	311	65de4d91e3e107c0f7eeb7f5076ee1e227b9
real_speech	312	3cbd8db575ba73a189379bf2d5ee6b484d2d
real_speech	313	3daa0f79dcefb6e9981efcc4b88942304fb0
real_speech	314	3c894c38444a64c3837c6b86acb682a9d385
real_speech	315	2d5a0979e8e3f69f972edbcab8fd4fb053b2
real_speech	316	792dc6f5f4b72b8002325e9cd003c53f6e98
real_speech	317	75bf94e5c7ef1b2398350f52e8726518e818
real_speech	318	7db989b480a610673a2c589a74cbae31cabb
real_speech	319	90768f29205a81808b65ca8f2c00e76bc89c
real_speech	320	205e4e40f21a79a611681f98244f85b676a1
real_speech	321	bce58f69a957d54ecd7d8a883cf6673ac604
real_speech	322	a046cd80d9c020260d5ce84f247c8bd1c391
real_speech	323	14ec8260411b699513447f16280e07b61327
real_speech	324	6cdf8739a51759f24561deca0ce665537c1d
real_speech	325	703c0f1926ce6cc157592c5b0cc7654cfea9
real_speech	326	687d8314528f389602746a4e383302e8b391
real_speech	327	64de4c08d71145b390509f541c868b5e9b21
real_speech	328	b8730e7d8855910688397b051493e8eac19a
real_speech	329	98e70210520ca4c0856cf8cc1cb30458cd16
real_speech	330	68bdca35f4d665e2844d1dc81047ec723a91
real_speech	331	70ed421c540d5870416c9e0c3cb70a58dc8b
real_speech	332	b8130b61dad7b575832918810403e4f2c798
real_speech	333	78ca461c855279d11e1820d790ba8907baa3
real_speech	334	743cc528e0843496c250bb0238c385f05299
real_speech	335	60bf880c17194df219648c9904d78e7e9cad
real_speech	336	607a8a35b1932967840186098cfe66a39315
real_speech	337	9007040932dba1e0455dd98038d2637a0c8e
real_speech	338	7c6d0630409e2594937caad710a381efb6b7
real_speech	339	e0774419cd04643e1d3dce962c06e73c7e20
real_speech	340	743c002c13dd3537986c0a9924c387fe92a1
real_speech	341	b492811dfb0234c55e056a5564a6ee2c7f3d
real_speech	342	605ccf29e08128149b49ba5a1072eef470a1
real_speech	343	643cc00c871e6d531754edd73c1489773d2d
real_speech	344	2ccc4040c20764d4465c6fcf189f0aa05787
real_speech	345	ecf04558288e74c4c610cecd689b8768fd96
real_speech	346	6cbc8520514730748d6c4bcd24b18bf95185
real_speech	347	48fb473902dc49124e29fd02d8e26c7ab51d
real_speech	348	24cec919418b78611c051a945021e3b599b3
real_speech	349	249c8f20364e20b445101c816ce605199589
real_speech	350	60ad873850d11d479f74bade349082d651bb
real_speech	351	781c0008c543607349548d0c00b78a607a91
real_speech	352	74ec802cc68a68924a643f0e2ca68151380f
real_speech	353	b4458924b58fdc754d7c0f4e08b782f98308
real_speech	354	309d015cf78438a24c6c9b4028ea8400be99
real_speech	355	74adcc6d26da7d340c311b84641b607bb597
real_speech	356	fc75ce545b4e94d6cc14decc900283080980
real_speech	357	80735855cf63fcdc5c15db84ecc38f325e26
real_speech	358	dce38f0417ced8c7c640584580a405202f9e
real_speech	359	2c1ac221404334e650719edca8b2692d183b
real_speech	360	445bcd11811a4113cb1dffc4f033e253569d
real_speech	361	2cabcc0857597d411f743a56a42781bf91b1
real_speech	362	50e9006070d959d4da68f852b8dc865eda2f
real_speech	363	2c98427081863c924234eb07c80f0928f719
real_speech	364	60598d49e5c40472dc410d99a44965fcf0a9
real_speech	365	d8b70b0c1b18adf2d2749b1de86f8516a4a2
real_speech	366	20c9c23185c664d1974dab97bc3468bcf1b3
real_speech	367	003f025d468e2c9153556ad7209ae8153d3d
real_speech	368	380ec56851da79f650647fdc3c2f83975527
real_speech	369	a56c4eb1057f53f6834a7ad37c7b4ab6f198
real_speech	370	cc4b868c87ad5d8b4d53fa8200ff4816eca7
real_speech	371	acc10f052b4c28545f017b5d68b6693c7d34
real_speech	372	60ec0b30a5d97502da7cdf990c47876e1e33
real_speech	373	a0914d299910218405154a0164f7e42a3b87
real_speech	374	6cee4619a69469c1c775ad031c46ed5afd97
real_speech	375	a484cf28989811e71158c4dbfcfa8077bc38
real_speech	376	7c1dc93d71de31664c715a4228f36ed2d001
real_speech	377	7cfc4111449b59f2855ddccc1c97606abf9b
real_speech	378	64bfce2cd4016070c9601e44240782501c15
real_speech	379	444e4715065059938679efc71817606afe1b
real_speech	380	48efc01da3dc05c7c645d90b004367e2129b
real_speech	381	a8b28e256c1b7562c135de446cd260a2a18a
real_speech	382	607f0524215711f695549bda2ce30de6b42d
real_speech	383	78dc803d75917910cf457cca08e76e62da11
real_speech	384	b0710c3c8c446c234b30bf8268e200b8739a
real_speech	385	700fc538f08408568a58394230528ef0b689
real_speech	386	a035c634a8c534c60368d78af44a8979ec14
real_speech	387	501ac609961b55c346192047b409ea3b9c9d
real_speech	388	a89647291c1c7dd28075528ae4feeef3a10e
real_speech	389	b8c1c174fe15d5c210105edc38d58f666da4
real_speech	390	7c7a4b0c83c638650138d7cc8cbf0091b715
real_speech	391	e0318a199156214a030d0dc77c7c62128714
real_speech	392	680b1479ac61940f9fcdc5c2647e8423b836
real_speech	393	686b0ca4052737f03d8837c1d448dddb1c8f
real_speech	394	218d89bda1bae363cce6f29d7037c257fe82
real_speech	395	319816a9962be36295a9b393acc2e5403116
real_speech	396	69cfdc90e478f6c19f94461f25808aa20b96
real_speech	397	2c0f03f9b1e6739dbad78652c2574ac40613
real_speech	398	6c5e12a5753669094ed1f690ecdc813cac8f
real_speech	399	30df46fda5b93218bbe5908bf1522b40df1e
real_speech	400	3c3cce91c7b4aab4b6f1470968f3a0e0839e
real_speech	401	6c2b50a1c1bc2769b90abd1c882f0b7899ae
real_speech	402	246d49a970a437d7e63d5ed1ecd928fe26a7
real_speech	403	399ad7559b743ee8cded46021cd06c166cb3
real_speech	404	25fa833cf66e8a8843a36359e47d375c3a89
real_speech	405	3cba522c75ac999bbab2726bf85d256fb925
real_speech	406	2c0c583d0025f99d73f5f9b56b0430b0b523
real_speech	407	3d7f0701a236e60ceee2696263d57cacb10c
real_speech	408	314ac934d035cebfb0ab16f4e38b99c940b1
real_speech	409	514bcf69f1a585eec09593b1dbf6768fc41f
real_speech	410	688fc0556efe62633dcd6305788221386e99
real_speech	411	2dbf4c65a223be7dd4b6c6884c44cf40dda4
real_speech	412	657a082151b90f0e4faeb2dca411486e7f10
real_speech	413	31498364b32e5f9da2af6523bbcf051eef9e
real_speech	414	71fe835c86773a6438afc1f5cb1e1a091ab5
real_speech	415	6d4d5d65802e5ee3708dc7eddf8959bb6013
real_speech	416	39591f61042a046a8c9e83e58f2948bea730
real_speech	417	71d8940cb2a6f2a6ac4c0ab0feca2cbfe42d
real_speech	418	39da9e64802e45323cb71306709819503a9f
real_speech	419	40e1d0f06afe9ebac0bbc8f16fc1dcd6f282
real_speech	420	7d414df0adf3f28cf39b7f7a6b4417615f27
real_speech	421	354a894cd7e53718aa933367b31918b6e490
real_speech	422	757ec76d47a6e73ee45c9b7da13693e9468b
real_speech	423	6d08894164fe0a7f7074596968ee8e87302d
real_speech	424	80c40795948b78a499ad96de3880ec2c5136
real_speech	425	bc7fde78dd72850bdab8624654aae8096b21
real_speech	426	c83643054bd9f1c2c2d1008d604ae2632d8c
real_speech	427	5c3e0819c6da359142fd358ea40361223481
real_speech	428	0cfe5d204cef145fcfd073d4b01b61167888
real_speech	429	3d9d4700dead6bc6b6fd1fee3c3068ad3fa5
real_speech	430	28b8d44c786842efb1f32d12684ee5d278a4
real_speech	431	291e1a5cf9bf9d92d7f10aa254e0cffe6b92
real_speech	432	75fa1d5139a1e6d52bfb56a2b4dfafc12437
real_speech	433	24e8d3613979b6714c8c07eadc6fd5990b07
real_speech	434	358e90119fe0ba0b2ba3b765a081abd8c9a6
real_speech	435	283cd6e9767b39b78af1e7103c06890c0f0a
real_speech	436	214d1e89c7fe6221892d5bced4fc664fcfa3
real_speech	437	083f9ffcf0617ef2a9e1e01d378317904197
real_speech	438	390b5bb035ba730aabc6812f700dc9f3a0ac
real_speech	439	6c1d9fe495a2f695afddf05c7e1c00986697
real_speech	440	3cba19a564f8af4ffb264e16fc5284798e37
real_speech	441	2d7c54c4626683cb4028ebc15c5a846d1dac
real_speech	442	614c16484ea78b3a08086b022cc80cd42624
real_speech	443	25ae0f3898d59d2f591d4aff0c91ab31cc14
real_speech	444	908481892d122170c1ed044aa43de623038b
real_speech	445	3c4eceb8716b63d8bf9841cab0084ad32c18
real_speech	446	784b96919176292cce8d3d1e64b680ec921d
real_speech	447	15fcded1c2229790539d4f1b78576eb9c088
real_speech	448	08cbd58da1377e68c8fc8c283446c3a8bb9a
real_speech	449	651e9890f2ea3a9d6ad8e375fe1b2a968338
real_speech	450	3c1e14b817a0a8450be0b79078f27fde0391
real_speech	451	38ed1214c8b29fd0622b5e04f827635c2c9c
real_speech	452	39aa9cf835ab3f8d41189f41a97786b47021
real_speech	453	608e168530aacb06562c2ab18472c85e2a3d
real_speech	454	041cd1fc13afa60772173f14b0ef6032ab3d
real_speech	455	e46380d9b58e3c8c91712993800cebcc4ea2
real_speech	456	98d34354181df1ba96bc85d644518ac6b9a4
real_speech	457	b8878ff9a29ee142493dca85fcd6ec027c09
real_speech	458	d0b14481801e895603e9508da44fe393709b
real_speech	459	b096cf810acd74c596fd40949c99639c79b9
real_speech	460	38ee9ef157bd134afef6811cd0a207414f23
real_speech	461	2c9e10a4527ff76329cf508a6054ee659f9e
real_speech	462	64490191e6b4b6e938f9d78f04b6ba612e0a
real_speech	463	7c6d02c8e27ca662ecf0375d7808c2343e27
real_speech	464	511f93a00535f8a3e0a314df349185bfbeb8
real_speech	465	656a059dc5fd112cb89513191c7fc48a5d25
real_speech	466	7cdd89f1a532dba785e373716ccd63b865ac
real_speech	467	2cbf40b49423a6c50bfa47be7c1085d27724
real_speech	468	2cbad9a511e6eaba2616ebcfd4b585e7b186
real_speech	469	2cee47f903b9be0b3f3d4acf583baf599911
real_speech	470	741b4b9823e8937f7c4c29c1b0d64a92cb00
real_speech	471	11fad188706c8e1b76a670f16c304a9c4e90
real_speech	472	00be8a951479aa5b63f77205bb06de9a12ae
real_speech	473	2dfcdcb8206cd27ca5e874faa2623917783d
real_speech	474	6d2cc1817b347a9421be66eea73071f5e714
real_speech	475	204cc7812470b31bdee9a2b9b677908bb191
real_speech	476	250cc081d5e3af19bae602778227eea2c6a8
real_speech	477	70da4148da3bc7bb18ce22ad4cab85bcf615
real_speech	478	64c1cff52c72fe5a732dbfc3b87ea6e1c484
real_speech	479	50b29f99ad0ba5ddd3c662c26c64c5956002
real_speech	480	2c42c9ed7ffb966cf5710f8bf0efacb8ba1b
real_speech	481	356d1f7cd13577caa67a6aefec9b42d30022
real_speech	482	7d0b9a0d53abeb745d693a1ef83b62a0c716
real_speech	483	210c552d33f8e3b6b4774e78745ba7668c94
real_speech	484	01de110191e2cff61451dd954c0be858e89d
real_speech	485	c176dcf0464a6f28bd255e754c8e0b52e927
real_speech	486	bc91c300de134df2500c0e5a40a08aaff03e
real_speech	487	b8d00e618f18f9730e218e4d2867e5724a9e
real_speech	488	a090c64c9c90f190d020bf5908c60346eda2
real_speech	489	bc214b758893bde7cd11790c0033eceae492
real_speech	490	d0974139a283e8045125bbd66802602cc7a4
real_speech	491	788e8305225a25078e7dbb8234e36deaf09b
real_speech	492	b84340187e5e6d5150344c127c8203a6c3bc
real_speech	493	74bcc134711921b411608ad5241288feb5a3
real_speech	494	d4934eac301a69905608bc913cc38b270a2d
real_speech	495	60eec63c64d351921b707ed230678f56ff3b
real_speech	496	74bc002474c650f2cd6c1ec00c470f78dd1b
real_speech	497	74de8904671a7dc01750bfdb3855047ebca9
real_speech	498	5c4f8b3c200d28c4c774b9c814c28dd0738b
real_speech	499	7468c119575865c00335f306acab612bfb17
real_speech	500	b8848774861e7d759a70dd1e5cf3852e6aaa
real_speech	501	e8f7878144083c1418456718b45b6eedc13b
real_speech	502	683d023841422857c2606a073c1300d83681
real_speech	503	709dc834445e61d0db74eed31c578476bfbd
real_speech	504	78bd4e21651b6d70094d0c05281462521805
real_speech	505	6cfec83171cb30841f65b9da10e2effd7039
real_speech	506	a4d10d3d3cd079128a293f4270f2e2aab497
real_speech	507	8cf34d642e42c4030a383c4108c504714e8e
real_speech	508	641e8c19374a74605c799cd118c765747ead
real_speech	509	5c5f8419171679714461cdc61c366a729e0d
real_speech	510	b02047019f5855538c150ccd6452e29a168a
real_speech	511	781ccc11c6c670125f79ef5e1c17e84c3c25
real_speech	512	684c4c14360f4c208d580f0100d68e50d98f
real_speech	513	64bc802c648e542348504cc938768e605c0f
real_speech	514	68afc82dd51b7172cc694ecb1067ec7b3b8f
real_speech	515	84b6478585d01daa4435fb8e60e26102ef80
real_speech	516	38fc083dc5c238f7d809ddd57806612d57b5
real_speech	517	703d4318570878520b68ff4e28968a499e13
real_speech	518	2cfe8011731e6dc00311fa8e7492e4b35981
real_speech	519	941207517f98c9138f055c0720276d4acd9a
real_speech	520	7c8fc02005d36553137c7e5608878b6f1dbf
real_speech	521	745dc630204e04b7854c8a8110f284e83405
real_speech	522	6cdd820857c040c3cb70bf8d28b70a619e95
real_speech	523	8412871c3ad53d841804eb5d5c76802f5cb2
real_speech	524	6cbcc92d860274e3957d8fd534a6e95cfe29
real_speech	525	74be0435519d1d9642611b8a2cc26df25319
real_speech	526	640d440ca7116541976caf1314e48f465f2f
real_speech	527	78ddc00c17cc4c028a40fd4c103682689f8d
real_speech	528	748e0e25440a60239c611e9b38f66f7c1f33
real_speech	529	4cffc91c449c5d929354de1e34268376dca9
real_speech	530	642acc28408120b789305485bc0d0189b595
real_speech	531	10ef0625141f11674c150e4354e7e7325695
real_speech	532	b0a38a541a1999f654241ade1c720efe672c
real_speech	533	7859093060872847ce34f78aa8ee8fa9529d
real_speech	534	40bb8d0c06cb44a2041c9389804a07311f9d
real_speech	535	68db4b2dd70660d1931de316b89be91d5d31
real_speech	536	488ac214444a68900e3463c688bb0811be1f
real_speech	537	b0c785759c15e5010b697106b49be623cd9a
real_speech	538	709c8528244c7491cb54be06088600709f85
real_speech	539	6c4d8638e0173db69d68cb1d38b202f654a3
real_speech	540	747c8c14174c5031844ccc8108640d507885
real_speech	541	70ff8509e2173dc60669eaca0ce3e7c2d081
real_speech	542	78accd0816126131586c0dd128e6057efe33
real_speech	543	60ff46250646702091518e173486e7741f29
real_speech	544	6809c91875de7931d02ca295ac180a0ffcbf
real_speech	545	e4b00ab4420c54330130df4e20138a30a91d
real_speech	546	c82683983d496458c2b880031cf98e01e884
real_speech	547	382f4dadc2b86ac4feadf6c5540c2e996b02
real_speech	548	6c1f02ac53202b80bef037050cedc3f38700
real_speech	549	789bc73dd93c5ad973fd31cd3d8c3a60fb99
real_speech	550	713eda507bbc36abcce6435ba7c17fd0d0a8
real_speech	551	511bc27587f0de2b3db4a6e5d980933fddb1
real_speech	552	20db921cf2a7f37edc87c5a1e369dcd0a2a7
real_speech	553	008b932851eefe7ead9546ddc7b881f12782
real_speech	554	707e1639c4e386ea2c8e160c5cad89a74397
real_speech	555	1d0ace2de9ac369c00b0520a6a7f262ba699
real_speech	556	143f1d5daaf4e3b770e6515820de8418a835
real_speech	557	387240b5edabb3a8a4399b5898c1ad8ee2bb
real_speech	558	795d1f294ab376ec8d397f8c6c9b68ae74bc
real_speech	559	35e91058daf46e3bd464ce9cac87096b2586
real_speech	560	39a8d42498e913ecc08c7349447c0f0c83b9
real_speech	561	395a5b6448f182919ab87698cccd178b6f16
real_speech	562	30cf8d41a9fbcb7a90ed34b9f358977b3a8c
real_speech	563	2c9bceb091a91bb225eac24d8b0e2b18cc34
real_speech	564	31b981a4e7f572f472ff54f3bbd991b06236
real_speech	565	354890a8e1f23fd272d0e024ab4d30386c10
real_speech	566	6d3f88b0e1f332033ff377370a9c0ce8913e
real_speech	567	101e4ed81176aab76420ef96a0bfc5257f30
real_speech	568	6d0b03e966a626b844fc14425233b3a3011e
real_speech	569	2caf05c4826a53fefcc4854bf4c4cae22517
real_speech	570	717e96e0f5a8d75746f842c37dcd0abd003c
real_speech	571	79a806ed87ebfacfd62afac0e94f45290bae
real_speech	572	18bb439c537c7292a26c38d02c4b437de2b5
real_speech	573	302e8e8c833fb64126782bd9c853cd1dc72a
real_speech	574	3def44f18b808f2e11cda00054608606d58f
real_speech	575	00bb401c10457c15ceec360330570671771d
real_speech	576	ac558e313d91455a0df9f74df491ec3afb02
real_speech	577	2418cf58544b2485869cb44e7cbc88d1909b
real_speech	578	390cc738aeef0252c5e3c7d4702f286cef1b
real_speech	579	60e88d389176a4f85dff3451a879ce899e1f
real_speech	580	208a922dc4b79bcbf6aa73d5ed9c91519d23
real_speech	581	2cae1630bb7a6794e2d33188447beecd128b
real_speech	582	38fc0a49ea3596d57b7dba41bddb2d704691
real_speech	583	70b9c7202c2ee9aac1274a0ebc85486ff9a7
real_speech	584	711bc93d566aaca1a4794fcdc89f42155997
real_speech	585	05ef9e24e43dc3d327e6b22afd79508a6aa8
real_speech	586	5da80c18006ba5cb8eda7766a40b6899e88c
real_speech	587	2c0b562d6db94e6ac1b055ee4c3acbb08a0c
real_speech	588	6d2a47350ca436cc9ae61646009841e1a7ac
real_speech	589	584b12485f3c3f7865b3f00c400563f58d1f
real_speech	590	78a9cf05bae1677a69fd73913c7ca7665fb1
real_speech	591	6c0a1a19cfa4286e51f97784342982d2d73f
real_speech	592	440c0d79f860c335ed953ad024d235b660a8
real_speech	593	25e898594bfad30a7a970bf47c36392f0e0e
real_speech	594	25fa9b514efc917e58a6bf3c732252917088
real_speech	595	28ea125dcaa7d71bd38c9bf74814dd3ffa23
real_speech	596	289a5fbdf06912c3aade22c18cdd133fcc96
real_speech	597	645a93e9866738d55eed3100ac571dc3e0b9
real_speech	598	0c6888e9f26e37176485c7dfec41bf0653a8
real_speech	599	75fa0261e8bc99f87d756853ddfe40fbfaad
real_speech	600	7c5e4d3ca5a48f8bb7a825c6700d4a9ae687
real_speech	601	559c87680ebb93125787dc032844a60b6dae
real_speech	602	789d55599be9ea952682780c34229196058c
real_speech	603	3d49d7b0e4bc5f47efe214a9bc2b58baf2be
real_speech	604	397e08a18133ffa309cac3da4065c467ef08
real_speech	605	346ec8c162bca057cb3a0f46bc9fa93d39b1
real_speech	606	6cbd5bf077fce1851fd8a100447c6191242b
real_speech	607	288908f9012287d126f5825fc0a8a6ff8622
real_speech	608	3ceb44cc02e09a2381f2b3b1cd798fead4be
real_speech	609	213adcc9b46ef65763db65a9e1cd3a78193d
real_speech	610	389d5eb0752fa8bb49fc7094bc24ebae1512
real_speech	611	10fa95c4deee2a6435cbe29858596cba6923
real_speech	612	30ee86b83d2f17ca7b6cbf80ac86422b5b94
real_speech	613	29dc57a55aa9731f5a793b1db462ed981784
real_speech	614	74d9ded463f4abe8a5234c82c068e1ad6712
real_speech	615	0d888f8d13a1a5c65a8f95f29cd504d46b2b
real_speech	616	35a999fc03328443aed7631cf8088cdeb629
real_speech	617	3da846e551fc86127fc4e3e8f84898f6353d
real_speech	618	45e9d3ec21fee7b6298e53ebb87b5b9a9827
real_speech	619	58db5fb8d0ecf1003ede476bf847b797d439
real_speech	620	758cc3e845b3f2c8f3fbb5b8a27a9ec08330
real_speech	621	754d82f8f5f6f03818dee7f4a068e0e626a4
real_speech	622	701acdadb1b3e73309ebd5beec146aa1d133
real_speech	623	68bc80ec9174bbc212c2e6e86cea861d5f98
real_speech	624	7d5a0cb879ff6cc19e72f9bdc42667378e32
real_speech	625	719d02dd0b363ac072488aee640981afa1b3
real_speech	626	2ca9d7a95160e4f51039fe091871809bc03d
real_speech	627	252edad5d3a6bbc89631585f549b6768ce9b
real_speech	628	3c1d43b4687c5613a760cc117897ceedc32f
real_speech	629	d4d30490419235915eb0c794a846024ff2a2
real_speech	630	6d2f9cf4f37c36d416a0105744b10ecb8987
real_speech	631	d4ae96fc80d784975893a601fcfc21c6b59d
real_speech	632	b870823446cb1cc342e4ed0128f405100b04
real_speech	633	60ec806c265d35d55e907212f0ed8c37b839
real_speech	634	f4318ed99d96353b09950181ace46a93208e
real_speech	635	347b8d74b00a4cd346b8e1c344e885517c09
real_speech	636	8c0780e8c5d835835f705a56f0aa824fe4b7
real_speech	637	701a8c5cb31f1d6415d4c3992468871e92b9
real_speech	638	bc93434d74cecc56dce1b713288e6f34b5b4
real_speech	639	287b8a78b00260e3c890924170cb0d71f899
real_speech	640	50ca004551431cb695e1d11628b96834743b
real_speech	641	60ca8a68d147303501fc90c40ca901309319
real_speech	642	7c980e20b0c23c02ca98774a74d78c219a11
real_speech	643	38498b29e194418647dda4891cf7ee62501f
real_speech	644	b0320101868ce88394b1b3997093e8353920
real_speech	645	384a072c104e6c67c4e406c53ca606709715
real_speech	646	68494659310340e61c79981c801c635d18b3
real_speech	647	681b4b0073c63cd1c6b8e6076ca78028b981
real_speech	648	60388520614e30018f84374b50c78510ba05
real_speech	649	28aa8d3cd21b5d77dcc804d53c85035e90a3
real_speech	650	8046010c0bdde1c5d9384b9db0ce897f6f2a
real_speech	651	6ccb4750e50334034a7caccbb85907c15383
real_speech	652	5c7f437d219d21324c1dcf4d48bf6efbdb91
real_speech	653	fcc60114d8d00d6bd824691e1c328fbe123c
real_speech	654	902788251408fca75b6d2f5724a767ec90be
real_speech	655	7ccc483dc54b70539e49bd573c96ea641e23
real_speech	656	78bd0a1d968460735c6dce1420276974fc35
real_speech	657	605dca3860013c56cf6cab43385204e0f493
real_speech	658	a0218e497f81c4039d397f5b2ca763746fa4
real_speech	659	7c4dcd25e0973dc4876529c31853eecad00b
real_speech	660	a0e086112bd315664e19cb077856ee3a5f86
real_speech	661	7c2d467855dd71759930cb94583a82565533
real_speech	662	e81146543e590da21620799a644e85eec3bc
real_speech	663	4cae4c2dd50768011e6dbe9a34f7e67d19b7
real_speech	664	a0438e313c9b4923482dff0c48436dabf60a
real_speech	665	8013cb00621dadb15b2467da840f8f270db2
real_speech	666	b8b24e7d599ba5b60a39984f3ce36afae200
real_speech	667	784c0d05d6c358d316597f5b38d46744b83f
real_speech	668	64dac739214c18371d1155dc980f6dbdf33d
real_speech	669	7caa8001528a24c79231e717b41f68a570bb
real_speech	670	b400cc218c54693145394c0d68e3ebaac104
real_speech	671	68aecd1056df552155600ed50497885e3dad
real_speech	672	641c0600c7c86493c7583d043c040b701c89
real_speech	673	7c8d4820f58a78e10d448e893c778c703c07
real_speech	674	78b8420de6d079418a05e3078cbb68333811
real_speech	675	6499c334a30c20b7c430448188cf84a9329d
real_speech	676	609b8a08961469725918825da8a9003f3db1
real_speech	677	5c5e0024c41369c15270bf9e2c36885e7caf
real_speech	678	7cce451cc7124d32d8548c580046877e9b39
real_speech	679	84754e2948501197c471e707ccfae5637d92
real_speech	680	689e0d3d24976d02cf613d8a2476ee5adf81
real_speech	681	70c88034858070a3c404014dbcba8829be17
real_speech	682	a8214019fa9c31e5053ddb814c366632ff84
real_speech	683	64cf0c01869069d0077dbf4420b6ea52da0b
real_speech	684	6c6c8610b34628f58440898918628ef85205
real_speech	685	64bec425859d5190426d7d4604a7605a9e0f
real_speech	686	686d4c1c169a7902137cbe9e3887016ffa27
real_speech	687	705c0e05c7995dc243756c061ca4eb6bbd81
real_speech	688	5c9f8b31408f34d79e51ea17040261c490b3
real_speech	689	646c882d158b5c919f7d6edf2827e8553cbd
real_speech	690	8c620330f88138a782185b0464c689394e8a
real_speech	691	ec1005298d0484b39639e99400c9e13c6d34
real_speech	692	688d4210729a2de55d50199528b388f7f1b7
real_speech	693	c0a2c774bbc07485c3287fc7480b84684b12
real_speech	694	28ff4d45b6d71d738d6d9941084a6e1abf1d
real_speech	695	bca2cf200853219417205b504c6782370b36
real_speech	696	b0f0cb69dc50c9d3c2253c061484e753c89e
real_speech	697	309e0a21c0477463d109481d5033e0a5d93f
real_speech	698	6ccccc3d754f58a210415e943497e275d827
real_speech	699	b411426040d579d4d8289d1190978d16d1b9
real_speech	700	98c2c94cf70314ef06108f0a640782f96b06
real_speech	701	a0120b7c2b4520d24874ec440c580829059f
real_speech	702	f4c08b8d96883896d30dda543c266cadc5a3
real_speech	703	284d443090427811c2246a0b48438fb0d915
real_speech	704	fcd44040181c810a9904fb155c870846893c
real_speech	705	74ad830972ce38479e79b9da2c4366dc92a1
real_speech	706	601c8839415d3575897d4a0d3432e0fb3307
real_speech	707	784c0f15e6166d820355fd8a38f6ec5a3b17
real_speech	708	509e47118491515086799e0e148569633d8d
real_speech	709	78bf052966906d33046dcf8120c5e5527e81
real_speech	710	a883470cafcd78c1c53c7e0c60738fb8a096
real_speech	711	74ad8211534120c55241f8963cb269dc15b1
real_speech	712	54bf4b2de5556172cd6d9e402476ee5b1b81
real_speech	713	249d055d23d761050e5d2e4b3ced6eb2d691
real_speech	714	6d7ede7dad68af449b01ff5efcbf69b97604
real_speech	715	009a92dc34e872e3699d0013d6c78b898c9c
real_speech	716	283dd39574b863352a8ccbd71fc7f1da6514
real_speech	717	08cfc69526e86c15ba92caa22f569cd1250c
real_speech	718	24c982715dff866ee8b7dfc67ab1d3bbc2b1
real_speech	719	64f9d8712e7f6dfe0899eb982ccb0c14fe05
real_speech	720	390a113cfbb1577b659629a029604fe205b4
real_speech	721	301b84191622b058e6bca262e47def435fbe
real_speech	722	2c2a8b38032fed1d86bb0506f82943f730bd
real_speech	723	611a56104bb962781dd04256343e897b5800
real_speech	724	68dc825c5323cf38bcd0d4cb10c4c5122618
real_speech	725	398b5e2c7ded336b0510ac09e04e8fed222d
real_speech	726	318d1c493e7b2e7688bd338a3cc06e7626b2
real_speech	727	650c0951264243ab10158e48b47f0c1f550e
real_speech	728	7de8962562aeb3b7dded81d8784dede0ed93
real_speech	729	645a5f4051aebe7d21b18315f20408906085
real_speech	730	6d6d947579ed29f764ea461370d7ef9d5631
real_speech	731	2caa5731bb767fdcb3320b1becda8f519cb6
real_speech	732	21198d44ba783728d9eb66811c612f324d28
real_speech	733	59384f1c312faa5b1ad9a416b68943860f2d
real_speech	734	19fe4b504d635b7364bff8647a0e1baec682
real_speech	735	5cfa1240a8771bfa39a5fe043e8f99afb3b4
real_speech	736	6598cf55e9740af9a5a61e2b1fcefc85900f
real_speech	737	311d0708a9b5be64f8a34df83aec04f0a4be
real_speech	738	785d15115b7afb71bcea4edf5c8f80888aa7
real_speech	739	5c5fce7028b9f254fa96ab583bd3248f5494
real_speech	740	6dbf917d0939ff3778b75b360c9023be519f
real_speech	741	61be5d203b62a6b831eeb0b2e5f64724db12
real_speech	742	783d4879d9709252fb89e38c582fa849e61a
real_speech	743	6cacca60183eb1e066a9e0a574af88797626
real_speech	744	1d18dcbc1663eb8ecba0b6c458148f253532
real_speech	745	79df534cef706a805ae0e2d07cc3062ace14
real_speech	746	758ccb19fb7e3abd7db895eaf44c8cd67fa1
real_speech	747	2c881d2109f8b6941ce6e36da6b1aab310bd
real_speech	748	78fa55602ffdae6e58d167786c7e2b359e33
real_speech	749	308f8bb9e1343b25400bdc7ac8786bf965bf
real_speech	750	6519d2b4017e2a6b9924de17bc0f8643ce00
real_speech	751	650d8294e2ebf8f6303cfa1db8a3ad616baa
real_speech	752	b19d806c5482a331826caf968cc4623a3424
real_speech	753	e42d9c689534ed94171cde40ec0762799a34
real_speech	754	717cd2d0467b2a605f3c2c95f8410832ed9f
real_speech	755	656e8dd1b7b62b20d8105edafa12222d4937
real_speech	756	043a8c5840c160618494838570b90b789d11
real_speech	757	6cdd0eb444e82fb0f5e408065c84c39a2c14
real_speech	758	6c489c81f42a21f021870579e06bc2c39b90
real_speech	759	49098da0f1240baf269fbeaa7ef508ffe48d
real_speech	760	3d384498e1ac6b6aedc7ec2e1e348bbed986
real_speech	761	7d8d55a4a0fe2bcce5ca1363fcca599bd6ab
real_speech	762	38f847c4032f90c2a7ffc0f6d608f4e405bc
real_speech	763	20f897e9626ab6f1e4d6f201f84908f6918e
real_speech	764	6c4dc6ecd475fc9497f3b3545cbc47b99201
real_speech	765	78ab07c83629a15ec28ff08c64aac95ee6aa
real_speech	766	691a9b90622dbb0d085c0b87bc87089caaa6
real_speech	767	dc07061085595d2b52e4c790183d0876d2be
real_speech	768	241e196ddaeaf677acce008f248c803f8e8e
real_speech	769	60ddcf48efb6c6092a94d2d2a44c4f9d0924
real_speech	770	3d99404c4f78b64dba93bff876529cb063bb
real_speech	771	753b919544b4295187a486bacd6aaeda5fa8
real_speech	772	78be51cdf3adbe522af6b604700a081fbb8d
real_speech	773	6c9a1dac51eece2e39e7c2922c41eef2e7a1
real_speech	774	3cea43f53c3266d637795b83ecdda3f14506
real_speech	775	3d3993e17cac639597696b90ccfc6ff14518
real_speech	776	755a9ffd2d2c35012d1e1b58a83f62a4e9b8
real_speech	777	753a4dc0b3b8bd496e380f03cc6bab9e3605
real_speech	778	1d189bd05368bbaf47e024c4243c8dace53c
real_speech	779	09df83c0a463b2ce06935617e43bb99cba85
real_speech	780	088d91d85a633ae47aa72392a86f748bf13b
real_speech	781	703c19cc7e7d5f6eedfb1bcf4802e2e4e212
real_speech	782	0d2b5ec5ab3e0347bdfb8c7e24a22aded310
real_speech	783	397b11d5f977339778eb1eb834e2aae68002
real_speech	784	4c2b0fd9e2f5e287a7b7d346a25942a27a29
real_speech	785	24999be8f4ffeea5c4fb057fca9fc946ff89
real_speech	786	215acde5d26eb1fc85cdf5fd139d67be0310
real_speech	787	280d9dbd84f0b0e6b3e3876b7cf24cec14b2
real_speech	788	285e1cbd44a8a9156fe374745c934ed2838d
real_speech	789	383fd7b8a66bee55fb730f9ac87763938833
real_speech	790	616e179133b1e29405153a8cbc92636e7923
real_speech	791	055a569cc6629863c631ab3418b7ce399e3f
real_speech	792	dcf082859151053203b1644a94f6674a1392
real_speech	793	34ff1f512a777be03aba0615288509d8aea0
real_speech	794	24d9d240cce64f918ac50767c082abe39289
real_speech	795	6d0bdbdcc40038153fd05242a0c44ff713a6
real_speech	796	b0314740add611db95d815d270bd8aa73626
real_speech	797	f90e42586f4a71843dab52ddd534e2de350e
real_speech	798	f41101aca0558d4a5cd4371c48c987e6f738
real_speech	799	e882494067c02065c9ccc3c768b58fb83b93
real_speech	0	706dce58f35755a6941886d11c52060e5823
real_speech	1	ec8109b93085f0d6d76deb9e38aa65edcd24
real_speech	2	b8414900430fb8c1cb14e7cfbc7e0731ea96
real_speech	3	7488c321f55175738d3d008390fbe40bde1f
real_speech	4	b43648306dcb5452046c738fe8fe8df0e298
real_speech	5	747ac10436036c530b34330ab04b87299981
real_speech	6	7878871d031c35d6823d348f8c2de1933381
real_speech	7	440a022cd4c14412421c61c7a8a88228fd83
real_speech	8	647a880496577d02da20b356a09b822f9e25
real_speech	9	cce48c511e9dbdf54a1d4002f45a6973a600
real_speech	10	68298a38f11129545a24775a8c5e868f12bb
real_speech	11	a8350441e45169b60b715f844c736632c91a
real_speech	12	601e4b2543d91156ce5d8a87349060d27485
real_speech	13	70fdcf29149a592249790d052c14e262198f
real_speech	14	741f8419355979400b65af030077e56a3c13
real_speech	15	98860b21bdc070331e797351dc7e62fc33b8
real_speech	16	bcd1016d00c05cd9df3558d35071ee64c4b4
real_speech	17	5cba8524414b2ca74d145504b48f8ba1d499
real_speech	18	601b8f11b61a6550ce05a20b80ebed2b3a85
real_speech	19	68c9cd25b4175d7241254381a8eb6f0bfa8b
real_speech	20	70694915425325b78529a684acafe3a35491
real_speech	21	78d90d39a5964563000141c08cd8ec33db09
real_speech	22	a040843d388b28149b316bd270576d1cd9b4
real_speech	23	7498c72811c628a6443c864d881c82b99293
real_speech	24	7018c500b6954de254105151a8cb8f2f1ca9
real_speech	25	5cbb8700a38208c74724f683ac5d0ca1318d
real_speech	26	7098cc1957187910431da18f803ae82a9c9d
real_speech	27	3ca9ce21c4422cb5d565c3d7c4b8e8753431
real_speech	28	647c801960191d67086dca4d2c926afa7605
real_speech	29	383ccb29c61c3117472d6dc778b5613a7401
real_speech	30	64ee8109501d0d0747457a4e3090e2f21087
real_speech	31	60ec8508325d3da45d70591434a28bee51af
real_speech	32	444fc40962c33c345d6589d510a0e3ccd12f
real_speech	33	449fc81c27d85d8356682f9728a68177bd29
real_speech	34	4c4f0205474f7c51da41ee973004e375dd23
real_speech	35	fce38b5cc25a29ae957c491c0c938d3efeaa
real_speech	36	c442077cf50540fa4c606f0818a70f90928c
real_speech	37	7caa4a3477065c33c114c189ace88f219d95
real_speech	38	6019c82461ce34f70138458db4bf80b93015
real_speech	39	68c9c51c84166de0102cc35da889813f7eb3
real_speech	40	24880900d7dd35c5db58e21fdc0a0b5614a7
real_speech	41	6849cb2cc11629a4d0149691ac5f85bfb233
real_speech	42	6099c428750c50d28720a087b0098818fc0d
real_speech	43	648a450c76ca78d2062463c3a85b84203e03
real_speech	44	64788e21854260401b09e1978088e3345f37
real_speech	45	78498629255d5182c231228fb42ae232df13
real_speech	46	7089411035d86d50da34f218b858061e9aa7
real_speech	47	bc340920985711f652603659cccb02672ca8
real_speech	48	68c98708d7837c218508a10fb4998a00b917
real_speech	49	60384d3911de3d9503353686b81e6cb2d31d
real_speech	50	7429ce28708218a60434d588a07c8cb1318b
real_speech	51	74b98718035f3525592856d5988f039652b5
real_speech	52	74ea8d00d64164038b387343b85b06381913
real_speech	53	6ca8c11cf4c774218838c28b9c7904117e8f
real_speech	54	b0770a215ec844721e7d02dde01fe7fca330
real_speech	55	68680c2d401a2984830566879c3e6aaa9199
real_speech	56	68ea4b10360274134f386243b8c885397d0f
real_speech	57	60f94221355449808621b30090cbef2bbc89
real_speech	58	9801c494601f65149ec8e59ef8f50f1e682a
real_speech	59	6dce5274bc2feb26ccac450b64ca8ed53e31
real_speech	60	64ae06b00067338072ecb647088cd4f33795
real_speech	61	30e888b8a7aebfdf7614ef49cc924043eb14
real_speech	62	394e1cfda63afaac8025ae817cdf61eea1b4
real_speech	63	7898c4b5b4abd367237d6bd55c94af7f6729
real_speech	64	b0c283142c8e64e18a349dca68010b90e318
real_speech	65	501f811cd6d365b0106ccc9d10270a561da9
real_speech	66	a51958b4cd9723bc006943908e7e2a9f3295
real_speech	67	f88102f0d14d6c264750d80148de82083610
real_speech	68	557bd9159cf4663ccc7d1e43a8df6fb749a1
real_speech	69	79ef837dbc7adf34029a665154f8cdcf2e02
real_speech	70	7cca5b50bc361ba925a3520270d4e7dd9b12
real_speech	71	68dc1a78dc7c753fd4d434cca8a76248dab4
real_speech	72	35484f250d7f5be91ca044956ab8a2b4cfb7
real_speech	73	34b9935db8733a268cf0f223c8c45769dd81
real_speech	74	58ba5e7142fcbc4ff29b632fdc15d9ad51b1
real_speech	75	31ebd5011766a29a6e83f3e2f5fc3451d826
real_speech	76	31cade24c731a53845b782efe38db85d0837
real_speech	77	658ed70916ec9694aabb33e690a8b3d957ad
real_speech	78	71ed9d2582e3eee2f4b1d46c8e2d435b5d83
real_speech	79	610d9e7de569a3e144cb5790faf497e379ba
real_speech	80	71f9d609d3e5bab4e0f393ac488ca3d919b4
real_speech	81	205e4905557dd04e83c2f706342daad40b28
real_speech	82	392c19108ab739e51d756aede42ec99ea99e
real_speech	83	696fd560bdb86e6015e47150705187125b1a
real_speech	84	105e494069265d720da3c50b2cd5cfe6cd2c
real_speech	85	486b0345266efa0b0bada4e7e631000dfd2e
real_speech	86	089bc40c436fffad398cc687fca840fae508
real_speech	87	303b4a4432b1fb9b56ca626bbc7507edcb00
real_speech	88	6958157594b6eaba45910685f090692f6f25
real_speech	89	2c3d02355ce03072a9e877ec742e63621cb1
real_speech	90	381a527008fb3dd852f0d4460cb36111ec35
real_speech	91	10ba113548f4672cbd2a5ad3f87907591eb1
real_speech	92	6d5e0c4413fb9d4a6f5c2d478c812a66df88
real_speech	93	74ba5d7143e5e7dd1c2cdbbc7832cbd7daa7
real_speech	94	248b8564302cb768fd4cc8c008c24d8aa21b
real_speech	95	1dbe9709a2362ab88501d68ad0d967271931
real_speech	96	50edc8196f21554952aa535af4e8bc5be08e
real_speech	97	219f966c1be7934146ccd80e640288cdeca9
real_speech	98	6dcfd29963ae6f050ce36d106f730913073e
real_speech	99	795d01f1e6ef0306faba7c3d13f873aa62af
real_speech	100	71fdc5ed54620746fb9ebfb00bc9feba46a9
real_speech	101	3c8cc7a5256a6554ca949bd702b7d1c9e5b1
real_speech	102	410e54a074ed2fb351ce18486a56e2872903
real_speech	103	24fcd6b087a5688500842a502c17e5ce411f
real_speech	104	19fe4da4f42372a6909d08d336c6c0c667a1
real_speech	105	109a8abc15bb62a7a4ecd4929cca4b9d042b
real_speech	106	70385d8847eb031358bba663c2abc6c809a3
real_speech	107	344a57d9c5bd45808ba543d5f0f587b47802
real_speech	108	6c4bdbfd15f813bb3dcaf65774a08cb836be
real_speech	109	65af04b952e7fa671c2eea4da8e244499b2b
real_speech	110	74bf179c323beda6513469c28c4362605ea9
real_speech	111	5c7bc1e155b34afbb471bf09e8f4a9e17f90
real_speech	112	387853c405ef5add77a787961c8166dbadbb
real_speech	113	01ba13b9e5f27f4af9f3b0304ceeabd7531a
real_speech	114	3ced94d832f073ffb7c9c485c69693eed223
real_speech	115	7dcf05d9a7ecea174ed8a24463bf21936294
real_speech	116	28fe1cb5203bff2038e6c29f489485791f25
real_speech	117	605fdcb5b2aff43495217b0490b387439e37
real_speech	118	1d3e00d1e336b117fb19dfd6b83e431bfcb5
real_speech	119	213e80a1e6e8faa5dd669d8aec6745917826
real_speech	120	44ae88cdc1e7a243dec3c4e34419ef2ecd95
real_speech	121	382d40dc1728aed3c7a261f5309d0de32bb9
real_speech	122	60ef80c8022fb381f7fce5457419cc231f9b
real_speech	123	1c8bc0e45af964a114f37612707dc631e59f
real_speech	124	71b81b91cbf50e5303c1238e6c52e77e00a8
real_speech	125	6d3a4bc563bfaf9b862a5e1eecaa4286c403
real_speech	126	402e5fa503bdeda54c3118dc84330c5d5c99
real_speech	127	719cc49c717fe6746d25f9f098a36e434f0a
real_speech	128	442a0d896cec8b73263daa54e84b296fc53a
real_speech	129	59ca98402ff9b93e9cc186af64ad400eaf97
real_speech	130	6c1e1699e6af0a33e1e259c7640502afac83
real_speech	131	559b8a9c90be2d3f28b49f8758e632ef5504
real_speech	132	4ccf56cdb074c737f4ea7ddc092416f8793e
real_speech	133	250dc3e800bfbf8386b57e406b755fb8978d
real_speech	134	65be06ed816d8bafb4ce32f79f3ff5434dba
real_speech	135	24ac8fa8216cff9f63e6d68297703e317d2e
real_speech	136	790bd1b5b37ce7fc7bdb703220f3a2ef8492
real_speech	137	78fbdea020bddfbf21e742470080e1f46318
real_speech	138	60f882a8343ba6baede4e7dc1c25cb554e26
real_speech	139	29e84ef511f8d7de0a4aae54b40bc5e72905
real_speech	140	719bc6e926bbe90ff5214b56ec3d481a7e36
real_speech	141	3c4f4bc14a7946d6f935c9451c8a2ed9d984
real_speech	142	1dda15a939f53a378439ab079c966267f3b5
real_speech	143	045f0dd187f391123f8023f1189c6cd52e04
real_speech	144	58f9c9d533b2ffb9119996334a3c8dcbef16
real_speech	145	115ecea5a0b2d82e8de7d5e684b28213e808
real_speech	146	25bf05d936ba8e03f5b4e26b094e80ee583e
real_speech	147	35b9d3e1f0b08eff05fd17c135ffeb9e84a7
real_speech	148	80f245514889f8d591b5915898a462a48a37
real_speech	149	a4940be49591f9f41ba02719688584eff823
real_speech	150	b8620d3514941176496dccc6fc3c67ab048a
real_speech	151	e806c38df7c3f84a5229bc9234b9e9ade13c
real_speech	152	f0c24c6099ce74248b00ce4f783886706b98
real_speech	153	683fc82d78ed635ca2253e9a64fbae9e95b4
real_speech	154	6dcc47392ebd37fa492a7a9068dd4c17ac12
real_speech	155	65a89974782f3becc4182d0bdc660e1c4e2b
real_speech	156	30d9946c0829eb328025ce6c7cb928f3709e
real_speech	157	25a8190c5e28abb00c54ef4d18f3897d57b0
real_speech	158	141b9071fc76bd76043dfa58745c85647b12
real_speech	159	244a144c5dbd89271c0079cc64aee2709ea8
real_speech	160	396fc165cd976a394a196f9c4c800050da39
real_speech	161	f4954a04da9205eb5428fa1b3832868753a2
real_speech	162	58bfc824241b7973556c4f1520970f7f9939
real_speech	163	60cf0135364c7c519f413f1028c567759c23
real_speech	164	7c9c860805527120dd747e1e1497086f79a5
real_speech	165	686c4411361f6dc18e45be4b08c4e76a3d9f
real_speech	166	70b8021d72dd31550f3926caac6eef8b9011
real_speech	167	4c18cc30f4035ce1403cc04980eb8f29de0d
real_speech	168	642b8e01c44d6863d525409da01bea259baf
real_speech	169	d4414f78fe1ead6a907cf91db013857f10a4
real_speech	170	e4528f19e1991da84a119fcb5ccfe61b4590
real_speech	171	046a8d00f35c79a2105494d0ecde84f77ca7
real_speech	172	6c8b803c95087490c630b20eb00981219d8b
real_speech	173	74f9c03c34da79a054105018b0ca8d27b8a5
real_speech	174	440bcf2c70de2d95db3076d388ce04af32ab
real_speech	175	5c4b0e3006de45711134d250a4788c179ab3
real_speech	176	64798c11c51369d38b2d214688bae22b5c91
real_speech	177	405b453184d645a08811924ca8b9e133bf99
real_speech	178	d8d4cb498b4abc2a9039499f74f7e17c8ebf
real_speech	179	644b8a31554e50c35a01e297bc88683dffa3
real_speech	180	6498c21d26136df0cc25d280b04ae7039e01
real_speech	181	b885411d5b5421648f6d84cecc98667a2e98
real_speech	182	64790d21200e1c361921c753a4cfe78d92b9
real_speech	183	6819c409b7c664609101535ea41ae834dc3f
real_speech	184	647b4134654d54138d0c5202bc580e391e0d
real_speech	185	4c4f8e3dd5926d63cb69ddc630b6e26bbb01
real_speech	186	b014c0117c0840d29371c25dfc0eeee420b2
real_speech	187	78ea8b3c20c624a402108689a4ce87805297
real_speech	188	54780f14075e6da25424d2d4b42b811fb9a5
real_speech	189	74598919d7ce60f0d12d409c8c18e1343fa9
real_speech	190	ac444568181db5d4936c545bb85f07aec638
real_speech	191	78688f05c7824021dc1953558888683cbf3f
real_speech	192	64690435021c3106ce39f58e84bee993d19f
real_speech	193	4c4a0115070f40c3161532dfac2862353fab
real_speech	194	687c050d71931d56ca71288324d3eefa5389
real_speech	195	1cff8324975725b795180c1d64a48b179431
real_speech	196	f4b184416f9c1182cd2dcb85748f64eae08e
real_speech	197	60dd0d21159569804751aec62c37ea63da15
real_speech	198	68ad4d0d96c3783058651e54100563645d3b
real_speech	199	687c871d131a09668d7949471813eae2b199
real_speech	200	7079ce08c740606108389104948b8121bc09
real_speech	201	68a8093cd58348734900d04dac9802115d9b
real_speech	202	40bbc519171f6df08435914c84aae32b1809
real_speech	203	643ac03ce49255b2103c9210bcfb841fbfa9
real_speech	204	44abc734f4157922182c1099b86b8f1e1833
real_speech	205	600bcc24134f10c7832ce5c7a03d02b9d30f
real_speech	206	50ca8f1474197d2218249258a8ea87075c23
real_speech	207	3c5f1d386be498ad47287b5000e06e17ae92
real_speech	208	2c8f98a062a548861aae049662ac888ce92f
real_speech	209	209a8cb193ec2ebd43f5e56577999d7dc824
real_speech	210	351809a816ac67683dc9626c699deefde6b5
real_speech	211	05ffc5d076f2a4328d98833b1f6f89c4a90e
real_speech	212	3ddcdbc4d7b4faa0942cb850a0cb8f9b759d
real_speech	213	241b4c9d13b4fe1875256b85f894a6f9b28b
real_speech	214	395994b0d735b26d9628ad92e0e28c626888
real_speech	215	19280bf133b26dcaff2d39148042c73bfb3e
real_speech	216	6d0e8fd101be33b6848aa3916c0058f6fd04
real_speech	217	00df1794e02546d47c9f85de5c1ceb829d28
real_speech	218	782d5c8df3bb07723dcab5591cde0ef90629
real_speech	219	54cb82d1d7a70b7668f98397b8b6adf722b3
real_speech	220	68cb4dc807a80c7524ebb174bb066ae5e1aa
real_speech	221	2d8d13408ae1deda22f8c633ebfaa5567d2f
real_speech	222	451a4459d8a4eca4f3f3c78e838f20def739
real_speech	223	2998c709ff64349ca7b5eec928f4c77cdf05
real_speech	224	7d9d9c0d9af12fccfa9b3637f41f29cf889a
real_speech	225	55eed53c892667160a88688461048a749eb2
real_speech	226	3caf8b607df324da0399569af2f52c1b26ab
real_speech	227	29cb5c7ce9601ec732c2527bf854ce75cf03
real_speech	228	156a586dd234f8fb35e2828db09469cbe88f
real_speech	229	707ad6798074b4ed609990acf20529bfa710
real_speech	230	70598c70612e9acf02a2a3bbe8f597ab25a6
real_speech	231	646f962184ff877a7cbe069d580c03a0752e
real_speech	232	783a946489f873eeaca3678570936355d41c
real_speech	233	24ddc1342a6ef3e179b824007cc3d712e49c
real_speech	234	6daa531d8d79ae58c785108e0422611eb4a2
real_speech	235	28cb0d2c68646f7c3824ba80e0eb4e438c07
real_speech	236	3dfe0c3d7f6146f2115e0f43fc6bc719413a
real_speech	237	dcd34b203450a99512e000d50421005ea0a0
real_speech	238	687e06202ff4fa506ecca2180c67cff564a5
real_speech	239	3889d86448be93cd26bf80c61ca9ecfd3d09
real_speech	240	701f88b9e1bf2e9176e5b64c2c1d33e18302
real_speech	241	64f8d7fd60ae7fd153f8c577ac1051766cbe
real_speech	242	6159c8f8e5fb267569cdf33cbcd469f2e010
real_speech	243	797f12ac506527b0c5f83485200c14f526bd
real_speech	244	656dcfa080e438f172dcf79d24beacc1e023
real_speech	245	751c83bc443773d417c723cd108924727c20
real_speech	246	61b98229eba63cca62459b43bc694c25570f
real_speech	247	61ebd4bdc1673b551819fa1d403be118af94
real_speech	248	757899ccd7f446c6d058ea5d3ca18eba4a13
real_speech	249	1ddc978ca5670b4202b4504a5cba0105e32d
real_speech	250	650e97e035e663b048b486045086095546af
real_speech	251	6c2f06f813f53e056e80e0d178e35de5ab23
real_speech	252	3c7e49e8a7fc9a90beae01de368cabd7e898
real_speech	253	795a50f035fef0ace03febded85d8e1ffba3
real_speech	254	64ecc7a4396ca7f037484983086c416a3f87
real_speech	255	dce5432c4d9c790f1d184f1528a783165ebe
real_speech	256	680bce04504b4822c5348d83e4710f401701
real_speech	257	d4250e15358564d459cdd2d0e03b6f1486a9
real_speech	258	68cc0620379f2d7219fc4659bc438d2e3421
real_speech	259	08198679824844409ab1231f400b616dda31
real_speech	260	ccc502189210b5849ea88399e0578d5f6936
real_speech	261	38298ff884be4203ec84d2d2dc3641bd6dbe
real_speech	262	28c9158c826e7a29b8c7be5b28c7e68a3e20
real_speech	263	34cccfd57726cb3539af4a9e6a01d11c3e1c
real_speech	264	3db919f8622aa0f255c3e174e698a8fb1586
real_speech	265	79cbd0fd8765a0d1d8b87420956d231cb60e
real_speech	266	6cbb48ccd3e5a37a731cad8efdebc6ba5213
real_speech	267	606999814420fceb5d718d039c500b1354b3
real_speech	268	a8d6cd21e116d98f8be1540474126b526206
real_speech	269	f4e3806db85a3549c9bd02c3300be052f31e
real_speech	270	a8c1c0f507c14ceb9201599cfc3fe8b51533
real_speech	271	440ec949201b31038e25ad0b704e6fe21c93
real_speech	272	b4810c61bc97e1a18629df4d0c64606acc16
real_speech	273	c046446de392d530894d1f0928dc6432ae9a
real_speech	274	d44282f8f74bd8cb0da4150e30338a68401a
real_speech	275	d8f601586d5d1176d9dc645000a8051e3d35
real_speech	276	343ac67130d649e3c1a512c0645b6c5bb985
real_speech	277	3999dc64893692dd17b8435e004b8ff25a1d
real_speech	278	212b88ec67a46ea388bbf25df89422ad7a06
real_speech	279	306bda81c2b787667dbe151294d695c9b93e
real_speech	280	21dbd7c0e777eab854fc409938f80c13dd9b
real_speech	281	08eb55f0a3f5836e2defd68e045ce0ac929a
real_speech	282	605f86e153a61b26e885015558b3add649ac
real_speech	283	3d8a5e480c7dbe645800da965c0f8b5b3f14
real_speech	284	d4434268eb41708446388f4f7c380c59ee12
real_speech	285	683c426db6ff72abb1398f48b0ee2e115788
real_speech	286	1d3eca4127e2504f2fd5b7c2607bc63cb21a
real_speech	287	a5aed84417e6eb134ae0d6c82c42805c4c22
real_speech	288	ac71cc69005bd1428f691bcba07f63d2921a
real_speech	289	10aa071c2095357658680e99acc28f169cb7
real_speech	290	3c28cf1492c63035c978cec5a4b280107917
real_speech	291	340a860800c640744cd4c5c50ca60148d60b
real_speech	292	6ddc45fc63ba17c7dabfc08f7001aaf34fa8
real_speech	293	75989189d3fb365c5baf7c4d66b717dd9583
real_speech	294	318d9dc050e19613ff929e7369475ea5d008
real_speech	295	74bcd789c7a6a2077e804fce73bf665cbea4
real_speech	296	248c80e8f1f7a8518ba9edd57f16209bb4a7
real_speech	297	38f80af97061aa228dc9d023f37b81d57431
real_speech	298	3dfb13ac33a5b2a9a1a873fc5e11adbf39bd
real_speech	299	290893a0bb786236d3b0f25a38e3822acd86
real_speech	300	383b53e8dc3468d52e565877dc1e25d9650b
real_speech	301	153acfc90ebe6ad5726c0aa8ecff05df2334
real_speech	302	34b811cc53e6872e09d5c6ea34cd27a2631d
real_speech	303	7d6f5cd0022bb2b1add436395e4b2d269d23
real_speech	304	61b896ed073d33e978db05726cf32ea63607
real_speech	305	2cce45a997a677e06d092a95c8ff29763c30
real_speech	306	650b59b9666f7fb3d5252ed868dee7912398
real_speech	307	60b98c74f8a53f6e7d284fc7f82640227d94
real_speech	308	7d8c1b35cd222f8812215a16689e6221ed92
real_speech	309	2cbd017d5c797249732d4ec749a321617819
real_speech	310	711d9f78a8f1de2f5d245c99387f8562ea8e
real_speech	311	506fc8298ea72f5a6f31cb9f440ca9363823
real_speech	312	298e1e58bc247fd982005d4b4c730e640e3f
real_speech	313	88934d3d591911240c350b4e58b66a23ce82
real_speech	314	30bd481cf7002454ce206c8b48d48c30370d
real_speech	315	643d012c649c79b351784ed128d50c7efe2d
real_speech	316	6c8ec618230a0cf7c1649ac13c530ce8f30b
real_speech	317	70b90124f5956dc2d22c015baccb0d379e35
real_speech	318	581ac71c074b44a3440860c5ac8b89117c15
real_speech	319	70a9c33d654158b35d211318acd966351d3f
real_speech	320	7c8b060cd4067891823071068c0a83319901
real_speech	321	8c964725ff1575c004797287dc2ce5f27114
real_speech	322	bc7284d89106fceecc504108a4af8d190e11
real_speech	323	84a34735001f95530d353587b8cd66221c1c
real_speech	324	60298a20c11f2584d314f61aa04f8daf32b5
real_speech	325	b4558b5d6ddbfd11887da00dac1b6e320f1c
real_speech	326	6c2b452495d371219d2c931cac9a8837bfa5
real_speech	327	68b84439b40658d2530d2153a059e635ffaf
real_speech	328	7c98c738151465839720b3979c8b8927b821
real_speech	329	54da4c05b701588119314251ac586c15fc35
real_speech	330	a8754305fbda29140c4d378ce05ae773cd16
real_speech	331	645b4d2111cc00c6563d65178c1e68ad33ad
real_speech	332	08fa8318b69629a79d60b092ccfa8476b6b9
real_speech	333	6458073070c5045586201608b0cd8fb99401
real_speech	334	64fb8e0d521835378115d40cb82ee99b7001
real_speech	335	484a462dd45f4dc38739b10e98aa6b0b1e8b
real_speech	336	30d94b259402147551797015d4996b745439
real_speech	337	280cc87dc4d729a243593a863438e92adf0f
real_speech	338	b4858834a81e21a7937c6750ec3a82776b24
real_speech	339	646ecf35701a0d87c275784b2cc0e7fad289
real_speech	340	64fcc01d770654221d595f943016e074bea5
real_speech	341	5c28c904c69669e1901c9154b019813fbbbf
real_speech	342	b4e2cc3ccd46706144189fc660f383a8c016
real_speech	343	049fc160d49521025b703b173cbb03265e2d
real_speech	344	b0e0c7545c1ecd925538be9f3c86837f49aa
real_speech	345	304e8c49c64c1073d96d889d20aa6b24983d
real_speech	346	181c8a6db4dc2d120f4d49ca08d9e622191d
real_speech	347	e0314a4dcb934127ce3d6f886c1be46b2f92
real_speech	348	38dc0d6104072c619c71c894208b6b3d98ad
real_speech	349	186f0f69308d78671c651f1028efefa55137
real_speech	350	201c4245549d21c04e45f90e209b600b9a83
real_speech	351	fce407290a5a1db6c63dfc0ff4f7e2d3418e
real_speech	352	08bb4c1c129f21045b78eed798008b269f2d
real_speech	353	f8a0067488837496cc2c6e0f542a84418a9e
real_speech	354	24fec85de6190d400a65f8c31cd8ee33d91d
real_speech	355	143e8b6520cb6c071e557e9a206de7b55221
real_speech	356	ec210558fbde6d045c30ded148eb03474d26
real_speech	357	64fccf39c5167d2148719e8c38a660633b95
real_speech	358	bc20422c5d0c6c11c834ff4d70f18eb86700
real_speech	359	700b0338744c70110f003302985a8e397b01
real_speech	360	7cd98325f5567db10c0d1200b8fb6c2a5c1d
real_speech	361	640b871c658c4470cc28028198690d193f8f
real_speech	362	64a9c431545575b2402d83c4bcaaeb3bdd03
real_speech	363	7c8cc72da51279f0cd711d022cf66f421a97
real_speech	364	a890c230791525e5d51c78d25ce7872e8cb8
real_speech	365	a4d1cc6cbcced8424a203f07208785410a91
real_speech	366	342bc164dcb5362ea574cb9f800242dd9ea8
real_speech	367	793c9a69dc7aeb37399f95b46428a3c77f9a
real_speech	368	7c790ff901ac7b9132f3479f9ae2475d0d94
real_speech	369	257f98dc45ee219b7edbd287d4900b518c05
real_speech	370	1cff46a9afbd6ed53efd01c2e817ab38830b
real_speech	371	54ce843d597c82f671fd050c18803179291f
real_speech	372	3cf9ca9db2686fcfa3613e50ec1f233f2425
real_speech	373	24ad46bd767a5ad371297840c84c20604d8f
real_speech	374	040cd69c97a964c04514391ff0cf7e575d10
real_speech	375	5c9b9809937a39bec199815e88b2034c5a04
real_speech	376	71ba5654ad7c08076aafe61284608da7edad
real_speech	377	549dc22588fd2c2c44ba6748e47dbdcdabac
real_speech	378	25ecc90c8b6b534bbbc936adac3debbd0528
real_speech	379	149b840d8f3f67049995a235aa0c92fa9a05
real_speech	380	146d8d2827fcbac9eae0bcde51b0cb14fc38
real_speech	381	4c3f831d627ba37bd8b9cb792f6505f30b8a
real_speech	382	689d940832642e4f62cded1002cd06387e84
real_speech	383	2d2f045163b26ead65e249e922c3ff5d5e00
real_speech	384	7d8fc52cd173fa632d9154b6a48ee0721a0b
real_speech	385	25b9147d85738b5e32f747bebcb1217e3211
real_speech	386	252dd2649579c6ba948042d958f086d25212
real_speech	387	7dbc5a70ed6e63238ee4c3c358c38d25e8b8
real_speech	388	008bc11c7b3a1e2fe4a0c31e609e4b3d44b6
real_speech	389	3487c4c04b72fe1e76a2259792bda9defe82
real_speech	390	7998cb41c42a3f64f8f20db44331f06b3f38
real_speech	391	21ac864987353b081bf06e5f2784bbf5e727
real_speech	392	608ad075c0e6b39fc6a2a37ef335b1bca283
real_speech	393	29be1e7942278e9e278b26236c76a778ddac
real_speech	394	217ed53d106af7f8dd6dca9c889ce039ee81
real_speech	395	34ddde7d09fe1202cb04af259c134b98e681
real_speech	396	7019806c44a8b327f424d88da002c0127484
real_speech	397	516cd430153c02bd54c0d31e70079152c58c
real_speech	398	243e867d236e2f7a2df100d1406cada6edb9
real_speech	399	3d2ec361c43fce2674bcc769b0e49e8fc22a
real_speech	400	2dda5c5dc6be8c5f32e2a58fa101e163251d
real_speech	401	6c8e8e712c235b4ee2f90658b0e7a656cf2a
real_speech	402	294f91743ef73218dfa8d793dce7851af68b
real_speech	403	4d5e912d4977868a86d9d2ccf896ec2efaaf
real_speech	404	7d8c19354b6ba77b99f5f1d4e0376f189c01
real_speech	405	6cbd47b101f006e235f1a7813ced28e0439e
real_speech	406	0c1e83684abb629e61b8521eec30409cfeb3
real_speech	407	341c8659fb677ffde5bd61d9f470a38eceaf
real_speech	408	3c0c4229ad233feef5db6012ab79c7242d03
real_speech	409	64ed8965f9311eea21e3e0c0bb7144da64bf
real_speech	410	796b9835cee8030f56e117de3da863e17112
real_speech	411	604ecc49ffa767dd2fc5a7d8a445247ffb2a
real_speech	412	384dc72d4a3dee3fb895f007b8272160271d
real_speech	413	212b19116bf526cd47a581c16cdf6716d7ab
real_speech	414	0d9a923918293feed8b1e31354cce719741c
real_speech	415	50b8d12578ac639854e8d0f2045ecf468ea3
real_speech	416	1cfa8d6d797e2adab6fd45010cf1a619fe82
real_speech	417	21b94f4deaa9b6ad998ed20228eb45d04eb4
real_speech	418	0c1b455d5aaea26c50bf026f18586fff7f9d
real_speech	419	751b91f8c53e1e9703ded05abee769d88437
real_speech	420	0c0a0dd844ad67a27c9ce242c0e4d6a3191e
real_speech	421	7dcd14a8906232fcf4ea31f2d05bdc84e183
real_speech	422	604d80f5c1e69eb3d8f395636dfa641f7f98
real_speech	423	302b53a964aff8be1dbdb7cb44d68203872a
real_speech	424	590a98a5d4b7ba3bc9f5d40f04246c7facbe
real_speech	425	50fbcfbdd5348a0678e1c2cef933ad305c94
real_speech	426	685cc7d013b632d8e38007dd8895c6945e2b
real_speech	427	6dd80eb8f468065f4e8b331138de208d1b96
real_speech	428	0c99d4a592f137f3a7d8105982fe6c0bde1c
real_speech	429	346909b474b966f5a4dc0698acf95885f5a0
real_speech	430	298909ed69cd735e1ed5c1c288590d5f4313
real_speech	431	a072c3ec050e00a9c4a4b3c954680ee81a98
real_speech	432	b07c8eac41c2709245dc1402e5698068c494
real_speech	433	a8114275718ce4f514c91b9f70546164b8be
real_speech	434	e4e490dd4b6ee6f8e7ae8dc020148a96990b
real_speech	435	e06d8d7140ee12a382f15ee43e20979c292f
real_speech	436	f96e836874370fafdbd72781848e24a3a0a5
real_speech	437	b05f5b2d752446cc3ec0b2c48622ede4e62f
real_speech	438	31b89efd4171a7ce3bcbe7392c7d2b9fc28e
real_speech	439	2d0914bcfd762eb091a8375100f61083a310
real_speech	440	50ffc1a8bcf3323f28ace79268d3cd2ce92a
real_speech	441	641cc6d4aee56bda3b48dbccb0894273b894
real_speech	442	25ad52e99d3036ac05395805cc5a662794a4
real_speech	443	209d42e171aaaf15ea356edd9c0db21ed931
real_speech	444	195a9de9d520bbb8d37dda10ac3f7c70b716
real_speech	445	159ed6ec21b36ea211f0a15500818f9a561b
real_speech	446	38ff47d406bb8a3ce8ac251ff81853853fac
real_speech	447	29bac6c16c7c62a53754daeeccdf1bce71aa
real_speech	448	10db51b4307ce6989139e9bfdc96b8c432ae
real_speech	449	388f0459465e1551ce652bce283b682a7a8f
real_speech	450	10f8474c258f5c44ca38af4bf86886b91b99
real_speech	451	180a0735b34e60c712f1669228466f6d90bd
real_speech	452	6c798229d4806c8616b530d674b2ea85322b
real_speech	453	58e8843812923d229988941474058927db37
real_speech	454	345a0f154b2593e966f1a7df542629ee9038
real_speech	455	259e94b171e4415a239ea3188c08e9ddce27
real_speech	456	71b8cfbd87e7b5940bd9827ffa93f707ae97
real_speech	457	70289ba8f2a3e1e028c8e6a0e725dabc7784
real_speech	458	7158968593a2f8b0c5ea9428e237d68ef5be
real_speech	459	4dab97b0f3fdf5638dd335e1e3f7b184f136
real_speech	460	60be92c523aca2426ecee60d5c2801375f97
real_speech	461	2d8e4fb8dcee7037f0e87393f4752f38a3a8
real_speech	462	7539458929e11c52fcf3714f4613b85f74bd
real_speech	463	24289edc15bee1191fd0d3422cca64183f21
real_speech	464	3dfd85e5526b9ec7130e2f08a8fe4c29fe28
real_speech	465	35dd43dcb0f6a3441c3b7d80a4cea0022da9
real_speech	466	3dfbc7b5b426a8eea629bcceccc2c774b881
real_speech	467	45bf52a946a1bfac10217adf6c316da8820b
real_speech	468	b030c41955ddc5750e35f0039069e7bbd28e
real_speech	469	6cb8cd09339d2984c619d4c8884d65b3719b
real_speech	470	98c184f44acc3c480bfc960ed47186596192
real_speech	471	24985ca853a0a2a7b49f265d88f5ecc32faf
real_speech	472	249b98d0b668c6e6b4dbf650f84c6c5a5b3b
real_speech	473	39d993e055b8e3f571ec5467d3deb3781a89
real_speech	474	208ad9d467eac3f7d4e3c662f37fc3785aa7
real_speech	475	248c9ea581f5e2ed93ea952eb7a2351aedb4
real_speech	476	25eb9ac904e7e8d85be8c1aa104a2c2daf8e
real_speech	477	299dc1b585a7a3b72deca6f47d038fd8170f
real_speech	478	65de89b845b2bff09c23bd8090e6a4ebb0bb
real_speech	479	701c97bc9563a0b045289e97a8a6e7e7b587
real_speech	480	68ef80b5f021e305a735cbd2b840a35e9ea9
real_speech	481	791d4fad8124feb545081a87b263ac7b6c1e
real_speech	482	2069ccec452e3b3cb930dc8684b6c4a2358c
real_speech	483	041e9da1e63545ef04212fdc2caa02255b0e
real_speech	484	791957c9162be340da19de5b3ceb6b48398a
real_speech	485	159f899ca6d0a431e04b144eac09e079de36
real_speech	486	b8a30320195f2157de3caa9b4c170726eda2
real_speech	487	68ac4030541b7dc1137c6d17282402765c2b
real_speech	488	ac60cd2d985c05d7c735da0d5c77e9329b0a
real_speech	489	60dfc019e7166d718c65dd482467e44afe1d
real_speech	490	9c63cd052a9f3507ce312a8568c66b22ef00
real_speech	491	7c9d0109769e51c14265fdc31864ee729a8f
real_speech	492	a8a0812c575ee175dc3ce3db8c3a87af6134
real_speech	493	681f492c751e69119740ad5304678d7e38a9
real_speech	494	60c94e00b58558c20f2cf30a88d88c397f8d
real_speech	495	482b013c14dc6d031b20a21faca8092fbd3b
real_speech	496	b8460e149c9041d3d7643193dc5e8cf7133a
real_speech	497	485b852884145502d228a0d7a8aa0b279f3b
real_speech	498	a445053c585d01f6de787497ec7b006f4cbe
real_speech	499	78f98131c5527120c8118345a8b8e92b3f9d
real_speech	0	706dce58f35755a6941886d11c52060e5823
real_speech	1	b8c684f19280b4e4d32df294b86b6af528a8
real_speech	2	78790c18d707704083047286a80903309815
real_speech	3	a8c4c9784e05fce0c7405348ac9a8a310b80
real_speech	4	b4044d116d897031df65039ac87c64f4f3b9
real_speech	5	48eb4220c5865493430cf3c6842a89113a03
real_speech	6	a8368e31c9db3db44769f541d08a636ad914
real_speech	7	7848491df65b5d520f01a24ba8ebef129b1b
real_speech	8	68580934129631b4d5045795ac8e89b67321
real_speech	9	c8f303500086f8300d0432c6846185594d9c
real_speech	10	604a4325d4d879d2c63112caa8ea65327911
real_speech	11	5c9b0808a60760708d108101b84a8f291c8d
real_speech	12	7c994221e7d77da3813591808058ed3abf9f
real_speech	13	70cb8718651859001610625bb4eb83367b2d
real_speech	14	3cf88f75969205f3c80557448015e853fc15
real_speech	15	7c688f05174f60931209f3debc9b6b1c7e2b
real_speech	16	40390a11e7854c02da11c21ba44b6d2c3825
real_speech	17	784bc53dc45765a14d2941c5bc3be2331c0b
real_speech	18	64a94611379661618d1d9280b479ec3a7f0b
real_speech	19	7c28442844ca50d20328a2c788bb00287c8f
real_speech	20	440bc81de6c748f29421c259acebef15dfa3
real_speech	21	20e9813dc5c52097d7657256f43b62541737
real_speech	22	50aa0e21010b38675d357756901ee2ac1327
real_speech	23	782ec11ce70b4c630d7c4c4938548658388f
real_speech	24	404b8711a71a71000f1de3cba47bed2afe03
real_speech	25	6c6fc52490c628054e4ceacd18b10ae8571f
real_speech	26	1cc94a0406ce04e6447412c8d86b8f707509
real_speech	27	607b0d31f3d73d45cf0164cbb05fe4aaf383
real_speech	28	18fa4b20955a3597de70f3dedc0a88665325
real_speech	29	6cabcc3480131d77dd08c554a81e0baef1bf
real_speech	30	94864b74a88d04c28138424584768071168f
real_speech	31	6c1a451977c77c125315711a90d8ee145831
real_speech	32	64898405d7164d83033173c6a81b613a7e9b
real_speech	33	74198430114114f5c1000645a41e8a919389
real_speech	34	786a4c04d682605086383246881a82289c9d
real_speech	35	6c7fc33cd00338e78d78e80d10a283e85603
real_speech	36	c040082c9204d0e64054668ce88f85692604
real_speech	37	30d9840c07da2555df7cb1d6dc8b0966f4b9
real_speech	38	78894f2cc19339e55404c69cb42f83a6d4b3
real_speech	39	10780024b5dc1d965254a1d3c85a056eb62d
real_speech	40	7cba0621058774529e2d33deb0abeb0d5ca1
real_speech	41	6c09042044db4db310281115b8988b373f3f
real_speech	42	a056cb88a34e64df0020be8d6c668d90f580
real_speech	43	407b8e7045516964dd60141cc0a7023fd735
real_speech	44	7088cd3de24000b6542d0751b0ef65b476ab
real_speech	45	7049802c668b70b2811cd281acf806181a0f
real_speech	46	8850c30010099c810a0046cf9cff8938ac1c
real_speech	47	248bcc6187972db3c53d8684b894ea6b7b9b
real_speech	48	80c48535981e29d60d6d96c3e05be0727b87
real_speech	49	6cb84010770674e1c0248389b84b84383c05
real_speech	50	782b0638319729e4900c9650984f079f10a7
real_speech	51	4419ce3d611225254c318781ac7f67bb1403
real_speech	52	8097c989ca16617d0a69d7cb80d76463359c
real_speech	53	645a8230d55869b0d8044395b0bb80267fad
real_speech	54	f0e5ceb420095c534c68508ebc9f88780b99
real_speech	55	a473c679328524f11221755ac4c8e2e473ab
real_speech	56	68b8c30885c96c124f2cf34eb48a83205a89
real_speech	57	34794351c69929d307297686a8076b63dd11
real_speech	58	b8a14534e0519d401d20559b847e892e6fb8
real_speech	59	043acd24f58518e648704009d85b0e791581
real_speech	60	7c1a4f28d3433467841c4581bc6d8488f39b
real_speech	61	64e8c30184c058d31715339e888b690c3eaf
real_speech	62	746ccf2d85c17c701971dd9d24366a5c7ba7
real_speech	63	246b464cc6870042ca2867079c1508717b1d
real_speech	64	68388a39a58478525e31d3df802be9247fa7
real_speech	65	70194b14f69c4593d31423d9987b86261aad
real_speech	66	7039cd3d00c92c971735a71fa48eeaa41325
real_speech	67	60b9830d67c64cc31331a3d3acdb6d35fe2d
real_speech	68	38c88d1186472c25155580ddc02beb4d56b7
real_speech	69	b4114d1c020884738d1c870094af80219b10
real_speech	70	7c88cf20c7d67df3d5209251a8cb8e3f1b3d
real_speech	71	54aa4f15850248a1553923559098e21ddebf
real_speech	72	eca6c739cdc960acd6051f5230d7e334ffaa
real_speech	73	68288b01e6976d83c611f2cea48a6b325b13
real_speech	74	880741052a0924b5166db719cc6b6f6dada2
real_speech	75	60e80131741e6161cc1123438cc965327b17
real_speech	76	70ae8c0d12513da40455884120636cfa330d
real_speech	77	38b98e2c545f2dc5d368f316c8888b7f5521
real_speech	78	70d98f29078d40c21209f29fa40be11d3dbb
real_speech	79	64c9850473023c140a20b5c2884f0db8328b
real_speech	80	7808042d959779400f39614fa0bae21b1b03
real_speech	81	6c0bcf11a0c71487d70db61a94dfee9d92ab
real_speech	82	042b080cc7492c2649648105e81882609703
real_speech	83	6c0b012960d421b4092d0601a0ffe49a7597
real_speech	84	4cdbc83821593d841604e652a4de8bbed1bd
real_speech	85	f87447a5810058d21e6941d6987d677d4ba5
real_speech	86	74d94c11369469534a21728ea41be92b7d91
real_speech	87	40ea850c265d41f3982890d9944b8f1758a3
real_speech	88	6c3b8420f45365f01d2c8210ac7b0d163dbb
real_speech	89	6818822974815c93d611501fb8ba602c3dad
real_speech	90	74880701f51551c2422d028daca868127809
real_speech	91	f8d2857402c2ec604304f00798920471ef16
real_speech	92	483acb04175e6df1dd3c5314bc8a01377ea5
real_speech	93	64088b2945cf60a1112d01d4b03aea051ca7
real_speech	94	24f98315f7d5012748495240c8ca664a1689
real_speech	95	e8530f3189422c0992716457a46ee5dcd138
real_speech	96	7488ce25758b64715835d3d8bcd9652cbfb5
real_speech	97	40aac415f45f59828601a1829cd96e3a3887
real_speech	98	789b882df58e60b0153903d1b84a673498bb
real_speech	99	888149dd91c46cc0539dc0d0a8b86f3564bc
real_speech	100	dc06c171c1d9b9410de9778dbc08e67a558e
real_speech	101	e9674878a3a7fbd66acbfde5cf6687be8691
real_speech	102	a9150330b06cb3046cc77ae4ff0983dea206
real_speech	103	a9f457396775c3f2f6fb4eb0e91eb04eda14
real_speech	104	ed645275d367c4954af28f69d6e7da9f762a
real_speech	105	f9064e71a4a78b70b1eacb7bdee2e6123d2c
real_speech	106	e9a31401d23dadd417fa3ffc622ace008b15
real_speech	107	e9925b65b1368d425baaba752fe5c721e69c
real_speech	108	9de3df200ce036f3a3a49731ebb73ff64822
real_speech	109	99d71d458a3386f354e3c5ca7a4700350e00
real_speech	110	9457d2297a7acf967a022a59bccc8b610e24
real_speech	111	a06505516e17711f8899324080bdeb1a018a
real_speech	112	9d8790098e316a98c7d9a58efcc2e52f5db4
real_speech	113	9c4616b192f13badeeb036dede82edd2af8a
real_speech	114	e8069c99526f90a2d6214f86f45a8d52d938
real_speech	115	b5b440d453bbe93229142ac6e0c4261fdd0d
real_speech	116	94d78968f0cc80c6ce1cfc804cec8451e38e
real_speech	117	cc9704480e176d559964bfd78c0f8d7f84bc
real_speech	118	f9171620c173a6685ebc475c3482832b4982
real_speech	119	f0e78711fa2c4b28e5a111d0b494a9df2eae
real_speech	120	cd37501c38b0ad47d1e189e21da5da96ee03
real_speech	121	e1b58b2d7cadbc993ad3530baacaa697b1b6
real_speech	122	a8810efd80b474f185a662c4856b2c3530a4
real_speech	123	a9339dd07323633385889088a008872570bc
real_speech	124	a1e18d29adf386463fc0c2e1d85c0d0edbb9
real_speech	125	e1f0d01dbf37ee528089400bacdfe577f627
real_speech	126	8832dc9194ff85068ea1d794f848846c968e
real_speech	127	ec240f293f1b298fc695564488616a437782
real_speech	128	7cdc8805b706343058e95491ac43670414b7
real_speech	129	1c1e0b41c656593308d5000cbc3de36a9587
real_speech	130	f417944406b5eb77afe7f0839ccce4fcad89
real_speech	131	c5b7da116175cfde2db94fb54ead4cf57c38
real_speech	132	d0f746505c224f50eac21f4e52f7b5f1ee37
real_speech	133	f15492000cf65bf663ae09e53c2ad2ca97ad
real_speech	134	fc740d093d2a57d4708b2bdf2e9bdfec661c
real_speech	135	a0b40c489773d6e6f6aa5ad69ef3bc5e9793
real_speech	136	8437082c346de7f161fa4e4ec72eb260caa2
real_speech	137	90008a24607c7e7bbbceffd9dff6bfdfc404
real_speech	138	e4a3431441a867e923b2c70dd6eb3c69eb3d
real_speech	139	b4310818547759b661c1f7ee780893e84aa4
real_speech	140	fdb4d039d162455cac521b5a984e6ba5f3ae
real_speech	141	a5d19d6d947fba378d715e0fa8396e6ebfb7
real_speech	142	88424fe04284642183bcf38e987987016313
real_speech	143	397f9af9eeb9e2948cdd73cdb0b1eff7db38
real_speech	144	90419f7500e97b028282ddff6aaebb849a85
real_speech	145	eca0157cd0f5de5bcaa7e5fb925fdd87a491
real_speech	146	f1a793f4c52f674748005b02a80a070d4d23
real_speech	147	b4945a9046ce0d671f013cdfb6a4cf726f11
real_speech	148	e8800318bb54757ed864ded4c8c20b2f00bd
real_speech	149	74e98a7520dd2585cfd9328e20b9e2021483
real_speech	150	a074c90da31ef1ae82dd77c368f3e943c00e
real_speech	151	0468cd69104d488257a9f2d6741ae2545dbf
real_speech	152	ac81c235065bcd62cba9528a5c73ef0be81e
real_speech	153	f8e1c02de054ad928a657ec1bc91eba2309e
real_speech	154	34bd8d64224960b7815c9c8038ef0fb15681
real_speech	155	d817476cc430f2aaa1cc871d5829d39ceb36
real_speech	156	bcc31168e9fc7f91f3f9a58aabfd945e4cbb
real_speech	157	dcb7592d8c23b78bc0ea233cae7ba8bc5093
real_speech	158	e470d0adc42d47489eb017f9606644afef37
real_speech	159	f1e310fc91ef082a56dfc6b92f9c2422f91e
real_speech	160	e982d0e025ed6ebf69fc43bb2a2ba09e7237
real_speech	161	f436d2f0c4a2aee266f5c7df2a750db01400
real_speech	162	e980da84456bf35ec4c811cf586f06643cbb
real_speech	163	b096028985a8db6cb2f3b45dffadc48c8795
real_speech	164	ec0317a86fe21022dfce615d1f9f94cc78ba
real_speech	165	b8c558bda9202efb6a7a1c8ef0e899be840f
real_speech	166	a1f11ca58822d756966d9b93e087e790c215
real_speech	167	b8b480c91e2ed3b225711f164c6e26a793b8
real_speech	168	f0061ad16be976282c6ecac7d0b482de150d
real_speech	169	a8a193d5bfef32f2ed7a1d89aca587ff7482
real_speech	170	b0d6ccf8d5af9be4fa00be44ece1479bd400
real_speech	171	e082cbdc35271bbf7b505ac5a8ced4d3a886
real_speech	172	a4b49bccd0b71b6766d7670e4c1bfc94e618
real_speech	173	e804dac5a1685272e2ba24ce286b12e76a9b
real_speech	174	ec75598df16d5adb66c60743bcd29696f486
real_speech	175	a9b113dc10e9eeb436e2d73fac915bec7708
real_speech	176	acf09ac5e1bac3e6f5dea6d7882294e095a1
real_speech	177	f46592c086a08fef42e10224f0c2b6c3a31f
real_speech	178	e113c1982de71b5272e911e3383f7ae48e3f
real_speech	179	e9c61895eaa812ff648f17e70c1c3aa802a3
real_speech	180	b452d39c08f6ab376fd3200260c2f2e4cc91
real_speech	181	ad8783941ca29f8aa2a3e62a63f112bfe115
real_speech	182	acbf5e00863e4f137ac1d78567071a866027
real_speech	183	e86e4f58c7b86270a454baddfc5ec7ad382b
real_speech	184	fc1a146131a84ece283afcc3ec2e0dd6148e
real_speech	185	adf95619a3a107bf96093adfc4a26881d711
real_speech	186	a58a924c572fe3e9470cffc6ac418efd62bd
real_speech	187	ed3dd06519ef65dfec122b549c72e36516b0
real_speech	188	d8474670151a81e618689ad23c5b0ca7f434
real_speech	189	b13c9301f5e2af8b131ddd59086f68719a91
real_speech	190	10df8179705749f58469ccc010dcefaa771d
real_speech	191	346e41a5fcf220b743625a4374a22e753fa9
real_speech	192	059f9f88bed60dc767703b1a78704a581c13
real_speech	193	587a0d0977de6190c30931ca8ceb65337e15
real_speech	194	28d8c434e60214748878c285d8ba08797419
real_speech	195	6058860df7c564031a1d719ab0e865353da7
real_speech	196	543bc300d64158b2c520934ea83808103a85
real_speech	197	a82683345d1d65535e4c9217cc5e87ffd225
real_speech	198	7ce98430744b6020403cc281984b87291e83
real_speech	199	f491c921c001e0f49745c7ddfc2e655ce63c
real_speech	200	bca5491c3a582547de6836dfe89b087e4d3a
real_speech	201	a9c310fd402a5b5298a5d19b9c086509439a
real_speech	202	d1f053c8f3be6f3c67fe0e6650914edaae3e
real_speech	203	b132038461340b5c4dd96a055b6cdb903906
real_speech	204	e5f2078c14630fed6ca7af2a3b6b9b467f01
real_speech	205	ec669b88d3bc8e96c5b75fb12b10daf7810a
real_speech	206	e814558181f9b2c556868cad2b023ae37024
real_speech	207	ac53c58011a6eff16f8a22cbffbebdc1bb3b
real_speech	208	fde711d854ecaafce0c0e23ef320b5ef6522
real_speech	209	fc150ef41571923fffe67352e7e1bfe7c50f
real_speech	210	c4841dd13727bccfc0f3e207ebd3ffd82781
real_speech	211	fdb6ddb8e4bfe6e49314ca1be09e81ca530f
real_speech	212	ad5087e0af670eb2444bff528ca7a6fc0299
real_speech	213	f9131e816dfd561c8769af8954dee0d613b5
real_speech	214	d4e406f9f5493c6791b911122c9de86cf23e
real_speech	215	74d90f5cd71961d31ae8e51634ad81bfba23
real_speech	216	e0e41ea4c429aef5b2a382d26c28eb93cbaf
real_speech	217	d4f297c981f2ab9ef8b272da301484f1ac3a
real_speech	218	e4e1d19d37f2e7cc3afef2d3481f1f590c3c
real_speech	219	a8114691a0e0ef0ff4abf61d1e18daad4b96
real_speech	220	d93094adf3faaf363ddf00f6a8cfb286f304
real_speech	221	fcd2c3a59662f6335ddf46aca04b69167c11
real_speech	222	f54301bc16e3c37164c78665b39b9e1e9e0e
real_speech	223	b5c353f9953187e3bdf362709d16b85e4b13
real_speech	224	b8a29df064ec8a50f2eb03959936e642dd38
real_speech	225	fce1568453fe8beba1e3c5446188e1d5c40e
real_speech	226	aca7d7f11de81eda66aa360509e60a472c8b
real_speech	227	a8c798a04b62d91fa9a4b12c6bc54b251a88
real_speech	228	e4198420c5224efc15ec97bb13937c203c8f
real_speech	229	f88c0664baf50bbfc8b8922627546f361d20
real_speech	230	f96c9e2c883052ea5c64de53c8ff8d720d00
real_speech	231	e4d40460de96fd8214142bd2884482a665b0
real_speech	232	e0428d9deb142dba4e7d8b8578d96b523e06
real_speech	233	641d4234758d58034a7cbdc02c6685519f8d
real_speech	234	488e4d31755b71928771bc4a0876675ada0b
real_speech	235	f8e04530e9c06450cb641a4620b682686402
real_speech	236	6c198805200b28751c35d65cb40eebbc5431
real_speech	237	ecb5c32c99186d9392107798981a8b3f77a0
real_speech	238	7ce8cb2c11093006061ce407ac8d02b0d407
real_speech	239	c8364f68fd97bda557008052d46a866e672c
real_speech	240	7489433c64d445f35408521590ba013ebcb3
real_speech	241	6c98801cf50258038f2c71cbb8580c38591d
real_speech	242	60880a39741c65d3cf39e203886a651b3c0b
real_speech	243	546a8420f5974533dc2450188cdb003f7b29
real_speech	244	6c890600779b4d62501053d890d9861f9c37
real_speech	245	28ed020167cf04f7d5319f9468376b3c9727
real_speech	246	5cfa0f3481ca20844b28b587a8bf0091918d
real_speech	247	6c3a8b0547cb6c709d21c3dd940be91df8af
real_speech	248	80b68d04cbc52c654c78c704fc0a88614e06
real_speech	249	64b8c534341e4d421a24b31280f88e2f59af
real_speech	250	60298d05675c7df3402dd084b03ae02bbf0b
real_speech	251	6488862c654b54b1c13c02c9a0fb8e11dd0f
real_speech	252	6ca8cb2d840e6460590dc29c981ae02db92b
real_speech	253	88b74840cf84f4a04a6c52cf84aa82104e16
real_speech	254	f0210eb5858e7c3d9935d754907ee41c84aa
real_speech	255	78c8410cf21231555e0ca75b845f85aeb03b
real_speech	256	ccb60655fe8d98d7113da31adc4b607d8728
real_speech	257	781bc92c510d3c478f14740ea82e03a15309
real_speech	258	64e90404b6915d8257308293ac4a0e169d31
real_speech	259	acf5c7645e99e1c19a60a31cbc7b8e3eea36
real_speech	260	60c94929049f59630c0d83cd94a9e322991b
real_speech	261	28e84a15864e34d69a65619ed8286074b7a7
real_speech	262	70298a2df0432ca615259650b05d67bc112f
real_speech	263	084b095cf7c710d3462cf7c2a4668771dd9f
real_speech	264	009ac761d2474cf7112d131cacb2ebedd2b9
real_speech	265	28498e20e4920176594cc151c0ca855e34bb
real_speech	266	2899494157463c3394251495bc16686d3e21
real_speech	267	702b4905c68c7010da0d735e8088e1347f37
real_speech	268	9426470d1b4638049a69d71de47a6d74a8ba
real_speech	269	7cbac414d01725249d1c9517988f8ba710bf
real_speech	270	bcf4024cded5e9a1166c311ca4ba8d260e2e
real_speech	271	60c8c025c75d4522c40d9344848be2221a1f
real_speech	272	7828820dd44e60b0151d5396a018ea3c5823
real_speech	273	544a8d2007037cc04f24a0879c2b8b097a1b
real_speech	274	60bac114b00b34064a0464c7b01e80b9720f
real_speech	275	7839cc1912c508865235f7dcac1de994b13d
real_speech	276	74eb853907455c535a05229a84fb6f34d933
real_speech	277	a8a40b09195c31568945c542dc0bea72fd8d
real_speech	278	703bc23de45169c18621e14bb05b6e225c05
real_speech	279	f5775228bc60f3eac270db000cbe85c46fb6
real_speech	280	9c9511393b74aee685b4122528f944396708
real_speech	281	f8861641fe7d792193fb2cde5fa5edcfd8a2
real_speech	282	dd92846d6d6e1076f9ab8a479f743d56cfbe
real_speech	283	f4d3817d6e7a3ed7e5b34886afa5d67278a2
real_speech	284	a836d6bcb1b73fa16983f1c728746d9c1b1a
real_speech	285	c1060731dfe734432e8d12c04014cb1d5512
real_speech	286	c0f21155486406e426863606f48f830f600d
real_speech	287	b8e7441d528cdcc312c53219a0d46b1dc5ae
real_speech	288	3c0a475d84c94c1357a9fd5f18a2e22d5237
real_speech	289	003b872d87064ce65cdd1b9c68bd68157a31
real_speech	290	047a4f2cf19109b395fc5e504c588c9eb027
real_speech	291	d0769e48d7d132fb67a0da4e1cefa8b26cbb
real_speech	292	95b74a58b0318e60b28fcf3192d783f91ea6
real_speech	293	8092425584e69b9cf0e378d69a3643947718
real_speech	294	d4d29241b8e07e223a980fc58aa3f9ed2422
real_speech	295	90c2075857bfa5eff9ff59a5969775932305
real_speech	296	c914d678533bef946ada1e2acd565eab562e
real_speech	297	d8d7527850e3dfa6d7cbdfefc3a4c8b11522
real_speech	298	f19443452328c3e732fa0ebfc2b7ed8bb125
real_speech	299	e0454d1080ffcb9d8db43eaa6edfeec7dbbd
real_speech	300	a896065dad7b12f52eb3ef4e26b556b3463f
real_speech	301	f816817db8f36c4d43f646ccd4182aed21ad
real_speech	302	e8029425ec38e262889430e0889fce79f682
real_speech	303	9077c1e490f76ac1e8ecec1b0c95c25d813a
real_speech	304	c0645655eceebcce54811708f0f7829bef2b
real_speech	305	ec955d3c5d6fd7a4cd79fcebd8ab2b9b7b11
real_speech	306	b4b1c049deb1f6bdfe11b807e8a0a2314c8e
real_speech	307	fc070e558edccdc20505f84cb057eeaaa104
real_speech	308	003d8669f54c2c505761ea133448ed2cbfb5
real_speech	309	84d1091915011c771d415e9fc83ce9b5603d
real_speech	310	4cdacb31950644b5d4a9c25c6c0261953629
real_speech	311	481f0924f49f3dc357f8e51aa8500d1ef2a3
real_speech	312	54edcf09460e142198dd859988c36435372f
real_speech	313	c8d30301e8571de2c7e91344980365127d9c
real_speech	314	c592d51996723ad107a127cb2898699e0720
real_speech	315	e8d0de01b064fadcabe2c3c0c0428796ad82
real_speech	316	adc6c84cc8710a67e581e2fe780cece34910
real_speech	317	90f312412dbb3626cdcc9366b89a54e80785
real_speech	318	ada35c417ba6579113c1275c98aff361ce13
real_speech	319	b535d4441ef80ba4e9aa2fa60c27598257b8
real_speech	320	f4855f1dfb678a65ebf2a9040806919e6a08
real_speech	321	f90216089cff83cbed9a1cea3c1757d2e22e
real_speech	322	ac2216f905a73625e786450aa0ac139eea8e
real_speech	323	fce205c576684eb356cb36ebc0bf77eec682
real_speech	324	a0c28f85a0f146b7b8c57603fc44ac31989d
real_speech	325	d087c9b542e6e71fe2a9b2d2985ba76e7334
real_speech	326	d812d6cc2f7f8d6e13dcf58cbc6c6458472b
real_speech	327	c8f287b4f56d6fa72abab2839a31a3f1deb2
real_speech	328	d96343e0a6b77ef0f3fbf4fbea3e09c9d032
real_speech	329	ecd087e154e847f3f3fb36dddeef4bed938e
real_speech	330	b1578ff131ab05c44df987fc6e3b619fb610
real_speech	331	fde60aa9513a7e052bee02a24e1662c59112
real_speech	332	e90509adc7b6fc941d214ae9fa7eebc960aa
real_speech	333	b93657c87073f743e5025b29e176c01b3bb1
real_speech	334	a4d05afdb4a474465f39fccd149987fab121
real_speech	335	f400c58c61c1d01f83cc2e00105687301204
real_speech	336	b9d1d4fd42e57b639089c3d5b8fbe2181001
real_speech	337	d0270535efadafd7eeedd5554cdd2df73438
real_speech	338	99d6ce29bd7efefdfd90a2a9d98905d6fc33
real_speech	339	f0228c8c94237f9677acd38098205ff33803
real_speech	340	e8e25985496e23c4527cdd71acdf4a375d28
real_speech	341	e04682fdad6d2f7e6e6d2e57fd10a05759b3
real_speech	342	98d1ded452fedb4aeee3f10958b7658d020e
real_speech	343	e517dd9015bbbf6be8be24a5b93ddbca8baa
real_speech	344	dcc75da91fa85e972a8ea7c5f87d9a5ffd12
real_speech	345	ed2606ed9de5ec7b34b773886fafbcd6e3b6
real_speech	346	f8869dbcfa7ae588554ce80e94e261204f2d
real_speech	347	b09c997d832e782c9d15ba4d7c3f07138eac
real_speech	348	f40e5701127935fd03393c1a5461855d598b
real_speech	349	99c38f81590adb9bd05deecc304003cee384
real_speech	350	c4738f8572cd64c21b29ded43cd2ec35b9a2
real_speech	351	f4e3c5e5b4c7dcd69f89d211f8a6e41c80b1
real_speech	352	d940c2fcf37c465fb5fb7cb143c08ec10f34
real_speech	353	dd26ce8006fb68c415ca7eb61dfdffbef9b9
real_speech	354	a9a405a4107e5e073d97f87e7f8a11797cb0
real_speech	355	9523cedc47787ef1bbaf1d71dac29d680f2d
real_speech	356	b9658e95b4b82e9066b66de76f6ef8d5e48e
real_speech	357	a5c581acd4672fa126b38de0422f92c66789
real_speech	358	a82345a9a2735e7724ef9609f387d42bdd29
real_speech	359	f9334de5f4b4585c46e7636438699eba1608
real_speech	360	9d824ea415a9b74b3abd532b10beef3de224
real_speech	361	f0b7568d8174e562c59125584c9c02340494
real_speech	362	fd9697889350fd02a3b8a6da7c8ecc11230c
real_speech	363	9c4685610656f9da4c81aec044e6e92ac316
real_speech	364	d8f641311a5ed57e0ac1e68b903fe0133c1b
real_speech	365	f883c7ec54222b9e355439c3a08fc2cac91f
real_speech	366	910692b805e21f578e341fc584b78f55fdb9
real_speech	367	9c850d58978878ab81789bcf88b78561b810
real_speech	368	c4c54bd1d00c00df5829cb58740beae59136
real_speech	369	048a4b0444030c834ff0f2ce28338ae83d1f
real_speech	370	e8339794166f6e0ab5a367de48546e8b5d36
real_speech	371	8433cdd5c5af035aebb5431a44d9a6e63db3
real_speech	372	916218d480e4e9b435e765488cb085f1650d
real_speech	373	d9a29cd020fcacd2a28b7419cc43139eba3f
real_speech	374	cda14fb5b427ecf376df15c7be9a381f5c21
real_speech	375	cdd78d9d776bf3e07c922b322fc7fa6a5e3d
real_speech	376	8c1114a8a33993faea8bbe04552678653c1a
real_speech	377	e9c18eb08dfc6af530cb3bff76e090319827
real_speech	378	f86011f81cf2dfd524df7a4d14c77ad57108
real_speech	379	9cf75ff988bb8a8fd4c6dd245e77b3daf1ae
real_speech	380	e8de1351566d334ddfdc17b6bd3f4c86f3ad
real_speech	381	88fe1f55022d9eeb2ef64789d8b386bfd71a
real_speech	382	bc190c5dc9ab3b3ee8bd159b9ca623f652ba
real_speech	383	886818284ca5d0dbc4a8c011e8e5e1b68186
real_speech	384	a45fc76cbca68d8b539932476efa2e148e9f
real_speech	385	a4f8cd147e7adab72abc04561c024eddf3aa
real_speech	386	f464cd211897a9310f753847ec2fee2a011c
real_speech	387	3cfa0240011701831e18bb96e42d010e35b3
real_speech	388	1c1f0fd0cf0b244e46087a0dc01a93314492
real_speech	389	3c9d1ab9b43069c3423ddb1fe85e857d3a0a
real_speech	390	f455c9057f0a747399314a1ffc7161557da3
real_speech	391	3c1a0328e11b19475e7cbe13b8f1863ed83d
real_speech	392	ecf1ca5d6a537dfa82310a47bc6f603aba02
real_speech	393	1c2ac13db1d929440a653d09a873e71a190d
real_speech	394	249e434504c52c119a55ead70c1b6a15d8b9
real_speech	395	d8f6c375d653b116c2795bc7283b6d820284
real_speech	396	3cfc4bfcede09727307c580e080647a22105
real_speech	397	a8c18a10420fb8824334068eb05f8e31ca14
real_speech	398	7489c034e6577df35c0cd3d9b87b8f06d8a3
real_speech	399	641a8910c7c378600d300048904b87389f85
real_speech	400	7838063924de75210d21c301a87b66121e93
real_speech	401	145a4141f5033cd01f35359a9cc66f5d1db9
real_speech	402	68880539765a4d834611b1ca84cae732de99
real_speech	403	009ac310a64334e50d60c349e0688e48b701
real_speech	404	489b8300425f2d25dc2417948c9f82bfd5a9
real_speech	405	c0550775e6883cdc1a2dd811d0d66f24832b
real_speech	406	3c5b8c09504068515251f71ae87fe4f55fb1
real_speech	407	708b0e1176dc49520f099002b47bee2a990f
real_speech	408	7868883dd55c41120f3d728890d9e41bbc0d
real_speech	409	70a98f3854d87da3111c5199846b0d2fdc37
real_speech	410	502b8a0894557df09920d154a8bb8a1f9ebb
real_speech	411	a815c0384b543d245f5897d8d82b8b6ef9b4
real_speech	412	4428083d718b34a7942d0750a04e6f9cd137
real_speech	413	604acf19b7d241530f2db282b8dbe52bbb0b
real_speech	414	54cbc21cd50670d0c710f34794088b31180d
real_speech	415	043b862d015d7d60c871878cccbfead3989d
real_speech	416	a417050c3b9425c61a54c51af02b8266baa9
real_speech	417	7458832c10463c750d1096cc800e89a17781
real_speech	418	7809000cf68e5823cd0810009ceb8d09bc0b
real_speech	419	8c83023cf0d3b1d298284419b87f001fc832
real_speech	420	60da023486c268e14c3c924da01b0f38ff87
real_speech	421	1c0bca1d54991d164345e04df8b9e3425791
real_speech	422	64290d3510d135464a2da707b40ee6b2d513
real_speech	423	5c0a041095075042cf18f0cb88f80e181c9b
real_speech	424	ac86c6757ddefd604a653147909a613be888
real_speech	425	6cd8c121149f49020f197240a8e9651a7819
real_speech	426	54eb0d15d7837cf111294195909ae63c1fa3
real_speech	427	7019851d370e70d0d601621bac79e53d39a9
real_speech	428	2009894dd6de35718805c6c5a037e04b3e17
real_speech	429	7c18c534d1d63df4100c94508ccf84b63239
real_speech	430	6c984604040a7c110f0473cfb00889307e85
real_speech	431	2cca4b7d051339e04825058598a66f73191b
real_speech	432	1c294655b79231a20115878db825e94bbb93
real_speech	433	a4258805d8162db50f71c6c7f8ea6c7a4c86
real_speech	434	10da8665335945d4c73923838c6267d39319
real_speech	435	2c988b3ce61f2d771d6c5012f0ea8576b129
real_speech	436	d4400389b4586d65468983408021efdb2f02
real_speech	437	f0f39ac845fc1fff6a67ca8ca8efe9c55e97
real_speech	438	a4a403c04566cb6774b066017484ced28e0f
real_speech	439	d9100e9484607e9b42bf95524016a5959e1f
real_speech	440	885602fd116f3f3be9d570debc9c22f6c124
real_speech	441	c10653e1e57643e23297fa327c9220b78289
real_speech	442	a4304b4139fd8abe219bae470f9ed3227cb0
real_speech	443	f0944b440bfd8953a9b97ee7443b9c9951a1
real_speech	444	e1648958c8239ff333a99ee26c1affa556a3
real_speech	445	b1b4c74ca922f304a6ff9ee31b9b93e69808
real_speech	446	b5c1d218fcac6af860bc49b96fee3c5f5d2b
real_speech	447	dde44800ffb17e653ebf383c06aa95e173a9
real_speech	448	fc215d51ff6e1e16bb905a099e96ff54e8a5
real_speech	449	c992ce7cd9636f41289f7fac9ee214dee113
real_speech	450	c8d28f70be661bf6209e784f9a34b2788f2b
real_speech	451	f404d925eeb37665d78e18ac3eaab1d3a22e
real_speech	452	fd65497033bdceebb8d7bb7e37a00dd9062d
real_speech	453	e8965f6c24edb39fded3be621fb4cb586b24
real_speech	454	e9960f18cbb778574dbc3534667206ac6b98
real_speech	455	a886556928fa7966c9316a58e86a8ba46082
real_speech	456	c177430dbea64432e8155b04c472c87d5e11
real_speech	457	fd03144d3b422c96e8811750fc8ca60a7197
real_speech	458	90f248054b0d406757b13193cc926b6405aa
real_speech	459	4cadc011e7da35f085e5d408b8516413b60f
real_speech	460	54ff45085709348107d8740fbca30b01d685
real_speech	461	f87207396147dcc399c1d79d1814e3c549be
real_speech	462	107bcf75130808a1d1398955f41e601595ad
real_speech	463	482b464d13c154b790511adc88bf62459c33
real_speech	464	c897043d5c542d524c8d42865c56e10af680
real_speech	465	6c69413965c27c459ea571535cf1eca5b733
real_speech	466	81b585550ae8fff77aeace3a1e0af3c27c27
real_speech	467	ad1307793c79ca1a2b86dbe73389f394251b
real_speech	468	a1e58dbc45b62601fb8f5f337a9c9ee0612a
real_speech	469	e1c1d42d5cf2b779b393ef33297637dff113
real_speech	470	f1c3d621cbfdd16fd5be5b3a2bd2d3416891
real_speech	471	e441952c9cfebe490c972f712e96d4cf009a
real_speech	472	f535dd7d7daaf0058ebecbe6576e55163da7
real_speech	473	d9b70368fda1eb95a2afeb605b8f1d1efe9c
real_speech	474	f8f4935dc937aa1092aa1d6b5b5bb38267ba
real_speech	475	f1e04f50997d54dcc2bc2af54b8611949613
real_speech	476	ecb31f11edab76e5fed405cabfc675a55432
real_speech	477	b907d66428211ca6178fe2b9771ebbc31812
real_speech	478	b8d64828a9302ae26cccf55a1162dfd553a6
real_speech	479	a0168034e8e4372039ec664f0cb05eea170e
real_speech	480	f4321949cfb73a2d0c3cefa78c8bd889069b
real_speech	481	81b2815c1d6b706abd78cfd1f4fba9f0b8b2
real_speech	482	b0231c390e7e7a7f4f340868a84546f11003
real_speech	483	a0648c501e648bb434509b44cc9644cb381e
real_speech	484	e833c168883f88ef97d386d5287241888680
real_speech	485	81f70dd9d0311b670cfe869940f8469f2715
real_speech	486	851755e1c063341b1bf8712ea51cacdc538f
real_speech	487	9df5dec55438f6bb829d130588d0e3a7eaad
real_speech	488	d8178ec1d8a83927dbea74549c562ac27a8b
real_speech	489	9c161e854afd5b8aa4f414974a4f6ac2cf11
real_speech	490	9136d48589be6cd97dfe670140ede2f3d892
real_speech	491	8527499c7a6de7806abf66aa9e201277bf82
real_speech	492	99ce1054e0e7858729dd718e0e4562f3c63d
real_speech	493	90f7018c39032c69cd687c0cecda0aa1658a
real_speech	494	ac140055c75091fe04952702389ae9f2c618
real_speech	495	b4d784dc8fb00ec7a9ac53d6d8b3cd147cb4
real_speech	496	f0411b91c0e396b766e6d3c68c5e1f96d19e
real_speech	497	a99654c95035365984f940cca86efbd7f6b3
real_speech	498	f0f553ccd5a25b524db9c9ae40633d92358c
real_speech	499	e50589d4f5b372506589aab85cc2fdab2704
dualtone_60_90	0	b4a0cfbda5cee84458213e1660dee724fca3
dualtone_60_90	1	b4918fb9a49ee99407310e4f58df6c22fe8f
dualtone_60_90	2	b4b08fbdb493f575cb292f8d68ef6b1a5f85
dualtone_60_90	3	a4828689029fb99107218a47585a6ca2f28f
dualtone_60_90	4	b4b08cb9a59ae91409212e4568de6722bc87
dualtone_60_90	5	b4818eb9a49fe9b407310e4f58df6d22fe8d
dualtone_60_90	6	b0908eb9b592ed544b256e4b6c9e6e227d07
dualtone_60_90	7	a4938789439fb9c103318a45684b6da2b087
dualtone_60_90	8	b0818ab9f5dff9350d352f075c9e621afd8b
dualtone_60_90	9	b4908cb9f59ae9140b210e4568de6522fc81
dualtone_60_90	10	b0818db9a496edb447356e435c9f66227f0f
dualtone_60_90	11	a093848d23dab541cb3d8acf6c7b65a2d087
dualtone_60_90	12	b4908db9959be9c401212e4d68ce6f22fc85
dualtone_60_90	13	b0a18cb9b5def9350f350f075cde601afd8f
dualtone_60_90	14	b490cfbdb5c7e89452213e1460dee7243ca3
dualtone_100_250	0	f0149c79758eafc46b65aa412c9a48a06536
dualtone_100_250	1	f0059d7945cebba52d75eb031cda4f9825bc
dualtone_100_250	2	f4349e7d65c6a3d4ab698ac928ba46a0c536
dualtone_100_250	3	f0348e7854dbbbe539656b172e8b6598e7b6
dualtone_100_250	4	e1068f69a493be065f772a512e9a6fa2e110
dualtone_100_250	5	f0358d7805dfbbf53d75cb151e9a6c9865ba
dualtone_100_250	6	f4049f79558babd42b61aa4328da4ba064b6
dualtone_100_250	7	e0369c69a483bf366d752a412c9a48a0e130
dualtone_100_250	8	f5359d78148eaa840f732a4318cb43a2a69a
dualtone_100_250	9	e446986dc586a707eb794b8528bb4c9883b2
dualtone_100_250	10	f0178f68e59eafa471752b513e9a6fa02134
dualtone_100_250	11	f0158c7855d7bbd53f756b1f1e9a6d9825be
dualtone_100_250	12	f4048c78559eaba43961aa512aca6aa024b2
dualtone_100_250	13	e055c97d74dfbf963a669b02349ae9a62534
dualtone_100_250	14	e0168d6d94c3b626ed7e2ad12cfa6aa0c096
dualtone_150_380	0	3c4d5e35015f329cbb99b79e2010c2be4683
dualtone_150_380	1	288e52354013321cbfad76d60410c3a6878f
dualtone_150_380	2	2caf55352153328cb3b9b69a3051c6be4483
dualtone_150_380	3	2c0e5e058353325dbfa9b59e0010cabe048f
dualtone_150_380	4	288f54351112320cbbbdf6d63411c8a66583
dualtone_150_380	5	3c6e5c0183573e9c7391f7563011c2a60583
dualtone_150_380	6	3c2c5d25a153228dbbb9b79230d1cebe4683
dualtone_150_380	7	3c4d5e359156328cbb9937962090c0bee683
dualtone_150_380	8	3c0d5a21405b2e9d7fa1f75e0010c2a6058f
dualtone_150_380	9	3c2f5d15a353220dbbb9b79a2050cebe4483
dualtone_150_380	10	3c8e5525215322ccb7a9b49a1051c6be448f
dualtone_150_380	11	3c2c5e259152228dbbb937963091c0bea683
dualtone_150_380	12	386d5c358117329cbb9d77d62490c2a68783
dualtone_150_380	13	3c2c5d25a153228dbbb9b79230d1cebe4683
dualtone_150_380	14	3c4e5e058357321cbb99b79e3011cabe4483
dualtone_57_444	0	f53ad8899bb77978531e6fb9bf755db8f50b
dualtone_57_444	1	f01a9a88baf768293f14ce3fbfc45c9a77ab
dualtone_57_444	2	f12a9889dbf7792813166f3bbf555fb8f58d
dualtone_57_444	3	f47a9d98dbf35c2b7b10ce3d9bd55f9a7627
dualtone_57_444	4	f57a9f8dcbb3552adf0abfbb8bf65a985587
dualtone_57_444	5	e12adb8dfaa2684842265c6a8745dd9eb7a9
dualtone_57_444	6	f11a9b898bf679381f16ef39bfd55eb8358f
dualtone_57_444	7	f12a9989baf769691b164e3fbfd45798b78f
dualtone_57_444	8	f0398ab8d9f679a837176f21afc47cbaf789
dualtone_57_444	9	f51ad889aab769395b1e4ebfbff45598f70f
dualtone_57_444	10	f12a9a89abe778680716ef2abf5555be75af
dualtone_57_444	11	f11a9889aaf669391b164e3dbfd45698f78d
dualtone_57_444	12	f10a9b89dbf779581f16ef3bbfc55fb8358b
dualtone_57_444	13	f41a888cbab66529f31bceafbb74769a578f
dualtone_57_444	14	f11a9a899bf679281f166f39bfd555b8b58d
dualtone_200_210	0	35bc8ff885a328442be266592ad64f224c83
dualtone_200_210	1	258f87c853ab78b121f2e2552a134ca2a087
dualtone_200_210	2	31bd8bfcc4e62424edfe66d91ef74f224e89
dualtone_200_210	3	359c8df8f5ab28c423e2465f2a964b22cc87
dualtone_200_210	4	39bc0ef4852228046be6461f2e964d226c03
dualtone_200_210	5	35ad8df884a628a425f266511ad747224e8b
dualtone_200_210	6	359c8ff885ab28442be266552a9646228c83
dualtone_200_210	7	35bdcdfc94f629a474f2760112c7c5246eab
dualtone_200_210	8	35bc8ef895a328142be2465f2a964f224c83
dualtone_200_210	9	298e04c4122e788167e6c2171e124ea2820b
dualtone_200_210	10	31bccff895b32574b8ee768826e6cd246ca1
dualtone_200_210	11	35bc8cf8e5a328a421e266552a9643220c87
dualtone_200_210	12	25ae82c852ae78012fe2c25b1a5246a2c28b
dualtone_200_210	13	39bc0ef4c52228c463e646172e9645226c07
dualtone_200_210	14	35bc8ff885a3283429e2665d2a964f224c83
chirp_57_444	0	b005ca7d45cebcbd1eb51716148ae2c4e538
chirp_57_444	1	b0558e69b497adfc4b8507493c5a6bc2e712
chirp_57_444	2	b8050d7d05dcbd9d0fb127071c9a61cae51a
chirp_57_444	3	b475cc69b4c7acbc198d87de3c2a64c447b0
chirp_57_444	4	b0068b49479fbd2d4fb5a74d0c1b6bc2671a
chirp_57_444	5	b0158e799592bdad4fb5074b1c5a6bc2a51e
chirp_57_444	6	b0148d7d049bb1bd8badd7872cbb6ada4610
chirp_57_444	7	b026cd4db7c6bc3d1cb5b71004cbe3c4273a
chirp_57_444	8	b0758e69149eadec4b8507473c9a62c2a712
chirp_57_444	9	b0058a79f596bdad4fb5a74f1c1a61c26518
chirp_57_444	10	b416cd4917dabd2d0fbd97cd0c2b6dc2479e
chirp_57_444	11	a88747692481ac1c5aa1365a24dbeacce532
chirp_57_444	12	b0358879559bbdad4db587451c8a6bc2651c
chirp_57_444	13	b4378e4db6d2b12d8ba987c738ba62c20512
chirp_57_444	14	b0068c49079ebd2d4fb5b74f0c1b6bc2671a
chirp_444_57	0	bc8247ad25892c6c5fe9749c1c256dedd5bc
chirp_444_57	1	a492c6a905d62ded07dd56cb2c3469e3159c
chirp_444_57	2	b8a246ad35dc2dcc47ed44c1186560f3949a
chirp_444_57	3	acb244ad058d2ccd57d956962c3465edd5b8
chirp_444_57	4	b89244ad35d12d4c4fed74c1186560f3149c
chirp_444_57	5	ac8246ad058c2cdd57d9d6962c3469ed55b8
chirp_444_57	6	ac324c8db7943ded47e9c5810c2464ebb59e
chirp_444_57	7	a0a2c6ac15de29ed16dc66932c6481f794b8
chirp_444_57	8	bcb244ad25982d5c4fe9448d1c3568ebd59c
chirp_444_57	9	a88240bd44c03c9c57ed56da08646df556bc
chirp_444_57	10	bc9244ad65982ddc47e954851c3560eb9598
chirp_444_57	11	bcb244ad05892cdc57e964921c2561ed95ba
chirp_444_57	12	a88245ad35d42d7d4fdd56c1287464f31498
chirp_444_57	13	b4b2c5a915da2dec07ed54c71c2561e3f59c
chirp_444_57	14	b88244ad35c82cdc57edf4d0187569f514bc
chirp_100_400	0	f8364e092789fc0d5eb1b3540497e28de73e
chirp_100_400	1	e886022d55c4ec9c17b1821e1c16638de73a
chirp_100_400	2	fc364e0d9790fd0d4fb9938d0c27688be79c
chirp_100_400	3	e88644290585ec8c56b1b25e1416e38de73a
chirp_100_400	4	f8560e1d26dded1c0b8193052c97628be510
chirp_100_400	5	ec86052915c4ec8c16b9b2de1426e18de7ba
chirp_100_400	6	f8360f0d07c9fc0d1fb183140c97628de73c
chirp_100_400	7	ec86432d7595ed8c47b9928f1c36618bc79a
chirp_100_400	8	fc360e099790f10dcfbda38d08376b8bc71c
chirp_100_400	9	e886042d15d4ed9c07b1820f1c06628be71a
chirp_100_400	10	fc564e1d368dec0c5b89a3942cb7618dc5b0
chirp_100_400	11	ec86452d0595ed9c47b9928f1c36618be79a
chirp_100_400	12	f8360f0d07d9fd0d0fb183050c97628be71c
chirp_100_400	13	e886032d65d5ed9c07b1a20f1c06638be71a
chirp_100_400	14	fc364e0d9780fc0d5fb9839c0c37698de7bc
chirp_400_100	0	e4328dc977db7d6d4de1d10308d861ba7408
chirp_400_100	1	f423cddd97826c3d1af1d3582048eabc3422
chirp_400_100	2	f49284e935d26ddc47e1f00f185963ba740a
chirp_400_100	3	fc324ad946c86c1d5ee5d31010c9e0b4762c
chirp_400_100	4	f020cde9a5936dbd0bf9738338f961ba9682
chirp_400_100	5	e4318df945db7dfd4de1c109185960ba760a
chirp_400_100	6	f002c8d9e6966d3d0fe9e38f186969ba368c
chirp_400_100	7	f4728ec917de7dbc43d1c30938d96dba7402
chirp_400_100	8	f4318ae9f4d26d9d4fe1f30308d86aba740e
chirp_400_100	9	ec224dc947c87c5d5ee5d11000c8e3b47428
chirp_400_100	10	e4b385f935d37d3c49f17207385960baf406
chirp_400_100	11	f0218aedc4c36cbd5ee9d3d200e8e9bc54ac
chirp_400_100	12	e4128dc927db7d7d4fe1f10108d860ba340e
chirp_400_100	13	f0338ddd87c36cad52f9d3d22068e1bc34a2
chirp_400_100	14	f4218be964da6d8d4de1d30d085860ba3408
chirp_57_200	0	b4908ef9b59ba9ac03e10643685261237c82
chirp_57_200	1	a48280c9429ff9190fe1a24558d66ea3728c
chirp_57_200	2	a49384c98392f9f901f1824768576da37086
chirp_57_200	3	a48386c9339bf98903f1a24b68c762a37082
chirp_57_200	4	a49286c98297f9390fe1824d585665a3728c
chirp_57_200	5	b4808ff9959ba9ac01e12643685262237c82
chirp_57_200	6	a4b283c9629af99907e1824f58d665a3728a
chirp_57_200	7	a48385c99392f9690bf1a249685766a33080
chirp_57_200	8	a49386c9039af98903f1824f68c761a33086
chirp_57_200	9	a48286c9b297f9b905e1a24758566ea3728e
chirp_57_200	10	b4908ef9859ba93c0be10649685269237c80
chirp_57_200	11	a48281c9d297f99907e1a24758566fa3728e
chirp_57_200	12	b4908df9a59aa9ec01e10643684264233c82
chirp_57_200	13	a48386c9139af9190bf1a24568d76ba33086
chirp_57_200	14	a49287c98296f9b907e1824758566ca3728c
extreme_sine_30	0	e4a18ad96a9a792105b1834b48566e62ae9e
extreme_sine_30	1	e4b08cd91b9b791103a1234f785765622c96
extreme_sine_30	2	e4818ad92a9b792107b1834948466e62ee98
extreme_sine_30	3	e4b08dd93b9b790103a1234b785765626c92
extreme_sine_30	4	e48189d95a96790105b1034548566f62ee9e
extreme_sine_30	5	e4d18ac97b9f69300381a34b68566c62ac90
extreme_sine_30	6	e4b18bd96a9a790107b10349484667622e9e
extreme_sine_30	7	e08188dd4adf7521cfbda3cb4cf664628e9a
extreme_sine_30	8	f4d183e9699f79810981024f785767626c94
extreme_sine_30	9	e48189d97a9f793107b10349485664622e9a
extreme_sine_30	10	e4b18ad97a9a791107b1a34b48566f62ae9e
extreme_sine_30	11	e4b08ad94b93790101a1034578476d62ac94
extreme_sine_30	12	e4a18bd96a9a793107b1a34b48566e62ae9e
extreme_sine_30	13	e4b08ad96b9b791103a10349785765626c92
extreme_sine_30	14	e4a18ad95a9b792107b1234b485666622e9c
extreme_sine_40	0	b0b18f8d0bde2541c7bd05c15ceb6e23cc9a
extreme_sine_40	1	a4e18d892b9f29400381074368da6d23ec92
extreme_sine_40	2	a4918a993a93392107b1a74948da6f23ee98
extreme_sine_40	3	a4a08d991b9a391101a1074778db6c23ac96
extreme_sine_40	4	a49188996a9e392107b1a74148da67232e9a
extreme_sine_40	5	a4d18b897b9f29100381074368ca6c23ac90
extreme_sine_40	6	a4a18b995a9b391107b1274348da6f23ae9e
extreme_sine_40	7	a4b08a996b9b392101a1874578db64232c96
extreme_sine_40	8	a48188996a9e390107b1274348da6f23ae98
extreme_sine_40	9	a4f18a895b9629700381874968da6d23ec92
extreme_sine_40	10	b4818d892b9a294105b1254358cb6e23ec9e
extreme_sine_40	11	a4908c993b9a395103a1074578db6d23ec94
extreme_sine_40	12	b0918d8d1bda2571c7bd85c35cfb66234c9e
extreme_sine_40	13	a4a08b997b9a391103a1274378db6d23ec92
extreme_sine_40	14	a49189997a9f393105b1874148da66232e98
extreme_sine_57	0	b4918c890b9b296107b1854b585b6e22ec9c
extreme_sine_57	1	a4b08c992b9a390101a1274b784b65226c92
extreme_sine_57	2	a48188995a9f392107b10749485a64222e9a
extreme_sine_57	3	a4f18a896b9f29500381a74b685a6f22ec90
extreme_sine_57	4	b4818d893b9b294105b1054d585b64222c9a
extreme_sine_57	5	a0908a994a932d7043a5a6477c5a67026f16
extreme_sine_57	6	b4a18f893b9e294107b1054b584b65226c98
extreme_sine_57	7	a0f18c8d2bde2550c38d07c96c7a66224c92
extreme_sine_57	8	a4b08a995b9b392101a1a74b785b6d22ec92
extreme_sine_57	9	a4a18b997a9a391107b10749485a66222e9c
extreme_sine_57	10	a4b08b994b9a392103a1a74b785b6d22ec92
extreme_sine_57	11	a4a18a997a9a390105b1074b484a64222e9e
extreme_sine_57	12	a4b08b996b9a391103a1274d785b67222c94
extreme_sine_57	13	a0b18b995b9b2d304fb5864f4cdb6502ed1a
extreme_sine_57	14	b4a083b9699b29900ba10649685a66226c92
extreme_sine_444	0	a00800900b00c00c00100000900000c18e10
extreme_sine_444	1	e00800900b00800800500000d00000818610
extreme_sine_444	2	a00800900b00c00c00100000900000c18e10
extreme_sine_444	3	e00800900b00800800500000d00000818610
extreme_sine_444	4	a00800900b00c00c00100000900000c18e10
extreme_sine_444	5	e00800900b00800800500000d00000818610
extreme_sine_444	6	a00800900b00c00c00100000900000c18e10
extreme_sine_444	7	e00800900b00800800500000d00000818610
extreme_sine_444	8	a00800900b00c00c00100000900000c18e10
extreme_sine_444	9	e00800900b00800800500000d00000818610
extreme_sine_444	10	a00800900b00c00c00100000900000c18e10
extreme_sine_444	11	e00800900b00800800500000d00000818610
extreme_sine_444	12	a00800900b00c00c00100000900000c18e10
extreme_sine_444	13	e00800900b00800800500000d00000818610
extreme_sine_444	14	a00800900b00c00c00100000900000c18e10
extreme_sine_500	0	e00800d00f00c00800100000900800000600
extreme_sine_500	1	e00800d00f00c00800100000900800000600
extreme_sine_500	2	e00800d00f00c00800100000900800000600
extreme_sine_500	3	e00800d00f00c00800100000900800000600
extreme_sine_500	4	e00800d00f00c00800100000900800000600
extreme_sine_500	5	e00800d00f00c00800100000900800000600
extreme_sine_500	6	e00800d00f00c00800100000900800000600
extreme_sine_500	7	e00800d00f00c00800100000900800000600
extreme_sine_500	8	e00800d00f00c00800100000900800000600
extreme_sine_500	9	e00800d00f00c00800100000900800000600
extreme_sine_500	10	e00800d00f00c00800100000900800000600
extreme_sine_500	11	e00800d00f00c00800100000900800000600
extreme_sine_500	12	e00800d00f00c00800100000900800000600
extreme_sine_500	13	e00800d00f00c00800100000900800000600
extreme_sine_500	14	e00800d00f00c00800100000900800000600
extreme_sine_600	0	e00800d00b00800c00100400900c00800e00
extreme_sine_600	1	e00800d00b00800c00100400900c00800e00
extreme_sine_600	2	e00800d00b00800c00100400900c00800e00
extreme_sine_600	3	e00800d00b00800c00100400900c00800e00
extreme_sine_600	4	e00800d00b00800c00100400900c00800e00
extreme_sine_600	5	e00800d00b00800c00100400900c00800e00
extreme_sine_600	6	e00800d00b00800c00100400900c00800e00
extreme_sine_600	7	e00800d00b00800c00100400900c00800e00
extreme_sine_600	8	e00800d00b00800c00100400900c00800e00
extreme_sine_600	9	e00800d00b00800c00100400900c00800e00
extreme_sine_600	10	e00800d00b00800c00100400900c00800e00
extreme_sine_600	11	e00800d00b00800c00100400900c00800e00
extreme_sine_600	12	e00800d00b00800c00100400900c00800e00
extreme_sine_600	13	e00800d00b00800c00100400900c00800e00
extreme_sine_600	14	e00800d00b00800c00100400900c00800e00
extreme_sine_800	0	a00800d00b00c00800500408d08c08c18600
extreme_sine_800	1	a00800d00b00c00800500408d08c08c18600
extreme_sine_800	2	a00800d00b00c00800500408d08c08c18600
extreme_sine_800	3	a00800d00b00c00800500408d08c08c18600
extreme_sine_800	4	a00800d00b00c00800500408d08c08c18600
extreme_sine_800	5	a00800d00b00c00800500408d08c08c18600
extreme_sine_800	6	a00800d00b00c00800500408d08c08c18600
extreme_sine_800	7	a00800d00b00c00800500408d08c08c18600
extreme_sine_800	8	a00800d00b00c00800500408d08c08c18600
extreme_sine_800	9	a00800d00b00c00800500408d08c08c18600
extreme_sine_800	10	a00800d00b00c00800500408d08c08c18600
extreme_sine_800	11	a00800d00b00c00800500408d08c08c18600
extreme_sine_800	12	a00800d00b00c00800500408d08c08c18600
extreme_sine_800	13	a00800d00b00c00800500408d08c08c18600
extreme_sine_800	14	a00800d00b00c00800500408d08c08c18600
